REGIAO;REDE;VL_APROVACAO_2005_SI_4;VL_APROVACAO_2005_SI;VL_APROVACAO_2005_1;VL_APROVACAO_2005_2;VL_APROVACAO_2005_3;VL_APROVACAO_2005_4;VL_INDICADOR_REND_2005;VL_APROVACAO_2007_SI_4;VL_APROVACAO_2007_SI;VL_APROVACAO_2007_1;VL_APROVACAO_2007_2;VL_APROVACAO_2007_3;VL_APROVACAO_2007_4;VL_INDICADOR_REND_2007;VL_APROVACAO_2009_SI_4;VL_APROVACAO_2009_SI;VL_APROVACAO_2009_1;VL_APROVACAO_2009_2;VL_APROVACAO_2009_3;VL_APROVACAO_2009_4;VL_INDICADOR_REND_2009;VL_APROVACAO_2011_SI_4;VL_APROVACAO_2011_SI;VL_APROVACAO_2011_1;VL_APROVACAO_2011_2;VL_APROVACAO_2011_3;VL_APROVACAO_2011_4;VL_INDICADOR_REND_2011;VL_APROVACAO_2013_SI_4;VL_APROVACAO_2013_SI;VL_APROVACAO_2013_1;VL_APROVACAO_2013_2;VL_APROVACAO_2013_3;VL_APROVACAO_2013_4;VL_INDICADOR_REND_2013;VL_APROVACAO_2015_SI_4;VL_APROVACAO_2015_SI;VL_APROVACAO_2015_1;VL_APROVACAO_2015_2;VL_APROVACAO_2015_3;VL_APROVACAO_2015_4;VL_INDICADOR_REND_2015;VL_APROVACAO_2017_SI_4;VL_APROVACAO_2017_SI;VL_APROVACAO_2017_1;VL_APROVACAO_2017_2;VL_APROVACAO_2017_3;VL_APROVACAO_2017_4;VL_INDICADOR_REND_2017;VL_APROVACAO_2019_SI_4;VL_APROVACAO_2019_SI;VL_APROVACAO_2019_1;VL_APROVACAO_2019_2;VL_APROVACAO_2019_3;VL_APROVACAO_2019_4;VL_INDICADOR_REND_2019;VL_APROVACAO_2021_SI_4;VL_APROVACAO_2021_SI;VL_APROVACAO_2021_1;VL_APROVACAO_2021_2;VL_APROVACAO_2021_3;VL_APROVACAO_2021_4;VL_INDICADOR_REND_2021;VL_APROVACAO_2023_SI_4;VL_APROVACAO_2023_SI;VL_APROVACAO_2023_1;VL_APROVACAO_2023_2;VL_APROVACAO_2023_3;VL_APROVACAO_2023_4;VL_INDICADOR_REND_2023;VL_NOTA_MATEMATICA_2005;VL_NOTA_PORTUGUES_2005;VL_NOTA_MEDIA_2005;VL_NOTA_MATEMATICA_2007;VL_NOTA_PORTUGUES_2007;VL_NOTA_MEDIA_2007;VL_NOTA_MATEMATICA_2009;VL_NOTA_PORTUGUES_2009;VL_NOTA_MEDIA_2009;VL_NOTA_MATEMATICA_2011;VL_NOTA_PORTUGUES_2011;VL_NOTA_MEDIA_2011;VL_NOTA_MATEMATICA_2013;VL_NOTA_PORTUGUES_2013;VL_NOTA_MEDIA_2013;VL_NOTA_MATEMATICA_2015;VL_NOTA_PORTUGUES_2015;VL_NOTA_MEDIA_2015;VL_NOTA_MATEMATICA_2017;VL_NOTA_PORTUGUES_2017;VL_NOTA_MEDIA_2017;VL_NOTA_MATEMATICA_2019;VL_NOTA_PORTUGUES_2019;VL_NOTA_MEDIA_2019;VL_NOTA_MATEMATICA_2021;VL_NOTA_PORTUGUES_2021;VL_NOTA_MEDIA_2021;VL_NOTA_MATEMATICA_2023;VL_NOTA_PORTUGUES_2023;VL_NOTA_MEDIA_2023;VL_OBSERVADO_2005;VL_OBSERVADO_2007;VL_OBSERVADO_2009;VL_OBSERVADO_2011;VL_OBSERVADO_2013;VL_OBSERVADO_2015;VL_OBSERVADO_2017;VL_OBSERVADO_2019;VL_OBSERVADO_2021;VL_OBSERVADO_2023;VL_PROJECAO_2007;VL_PROJECAO_2009;VL_PROJECAO_2011;VL_PROJECAO_2013;VL_PROJECAO_2015;VL_PROJECAO_2017;VL_PROJECAO_2019;VL_PROJECAO_2021
Norte;Total;71,8;87;61,3;71,5;77;80,3;0,74;76,1;89,5;66,6;74;80,3;82,4;0,78;81;92;74;77,1;82,7;85,3;0,82;87;95,2;86,8;82,1;85,7;86,9;0,87;88,6;96,5;93,2;83,8;85,7;85,4;0,89;88,9;97;95,6;83,1;85,5;85,6;0,89;89,6;97,4;96,3;83,5;86,9;86,7;0,9;91;97,9;96,6;85,1;88,6;88,9;0,91;95,9;98,4;97,8;94,8;95,1;94,3;0,96;94,8;98,9;98,1;92,5;93,4;91,6;0,95;166,97;160,53;4,07;179,17;163,89;4,37;188,25;172,26;4,69;191,53;176,66;4,84;188,88;177,26;4,8;201,22;190,26;5,27;205,04;196,56;5,46;208,06;196,06;5,5;197,71;189,14;5,18;205,54;196,43;5,46;3;3,4;3,8;4,2;4,3;4,7;4,9;5;5;5,2;3,1;3,4;3,8;4,1;4,4;4,7;5;5,3
Norte;Pública;70,6;87;60,1;70,4;75,9;79,4;0,73;75,2;89,1;65,4;73;79,5;81,6;0,77;80,1;91,6;72,9;76;81,8;84,6;0,81;86,2;95;86,1;81,1;84,9;86,1;0,86;87,8;96,4;92,7;82,8;84,8;84,4;0,88;88,1;96,8;95,3;81,9;84,5;84,6;0,88;88,8;97,2;96;82,2;86;85,7;0,89;90,2;97,8;96,3;83,8;87,6;88;0,9;95,6;98,4;97,6;94,3;94,7;93,8;0,96;94,4;98,9;97,9;91,9;92,8;90,9;0,94;164,13;157,84;3,97;176,66;161,24;4,27;189,1;173,11;4,72;192,7;177,84;4,88;191,09;178,91;4,87;201,8;191,64;5,3;207,22;198,94;5,54;210,06;198,29;5,58;198,76;191,06;5,24;206,34;197,18;5,49;2,9;3,3;3,8;4,2;4,3;4,7;4,9;5;5;5,2;3;3,3;3,7;4;4,3;4,6;4,9;5,2
Norte;Privada (1);96,7;100;95,4;96,9;97,2;97,4;0,97;96,9;96,8;95,7;96,7;97,8;97,6;0,97;97,1;96,4;96,3;97,3;97,6;97,8;0,97;97,7;97,1;97,6;98;98;97,9;0,98;98,1;98,1;98,3;98;98;98,1;0,98;98,3;98,6;98,6;98;98,1;98,1;0,98;98,7;98,8;99,1;98,4;98,5;98,5;0,99;98,9;99,2;99,2;98,6;98,8;98,8;0,99;99,2;99,1;99,2;99;99,2;99,3;0,99;99,3;99,4;99,5;99,2;99,3;99,2;0,99;211,05;202,33;5,67;215,46;202,16;5,76;225,85;211,15;6,12;228,08;213,87;6,21;225,86;218,49;6,25;231,63;226,26;6,5;239,66;236,7;6,85;244,07;235,82;6,92;236,55;231,49;6,69;243,88;236,78;6,93;5,5;5,6;5,9;6,1;6,1;6,4;6,8;6,8;6,6;6,9;5,6;5,9;6,2;6,4;6,7;6,9;7,1;7,3
Norte;Estadual;77,5;92,2;69,2;76,3;80,3;83,3;0,8;79,6;93,9;72,3;77,1;82,9;83,2;0,81;85,7;94,2;83,8;80,5;86,7;87,6;0,86;89,6;97;90,7;82,7;92,2;88,6;0,9;90,7;97,4;95,5;84,7;93;87,1;0,91;90,6;96,7;95,6;83,9;92,2;88,3;0,91;92;97,6;96,4;85,3;94,2;90;0,92;93,1;98,5;97,1;86,4;95,1;91,4;0,93;95,6;98,6;97,4;93,2;95,2;94,9;0,96;96,6;99,1;98,3;94,7;96,7;95,1;0,97;166,4;161,31;4,07;181,91;167,41;4,48;192,83;176,64;4,86;196,01;180,57;4,99;197,44;184,9;5,1;207,77;198,16;5,54;216,51;208,55;5,89;217,91;207,31;5,9;211,18;204,93;5,73;218,5;210,26;5,96;3,2;3,6;4,2;4,5;4,7;5;5,4;5,5;5,5;5,8;3,3;3,6;4,1;4,3;4,6;4,9;5,2;5,5
Rondônia;Total (3)(4);82,4;93;73,7;82,5;86,1;87,7;0,84;85,5;94,7;77,9;83,7;87,1;89,6;0,86;87,2;97,6;80;84,3;86,8;89,5;0,87;88,9;98,5;82,7;86,6;88,7;90,3;0,89;93;98,5;95,5;89,7;89,9;92,2;0,93;92,7;98,3;98,6;85,2;88,9;92,5;0,92;93,1;98,3;98,6;86,5;90,6;94,2;0,93;93,7;98,8;98,8;87,6;90,7;94,7;0,94;98,1;99,6;98,1;97,4;97,6;98,3;0,98;96,7;99,3;97,8;94,4;95,2;96,2;0,97;174,73;166,49;4,33;187,23;171,07;4,65;196,97;178,18;4,97;204,99;187,36;5,29;213,1;196,3;5,61;217,81;207,17;5,89;225,44;215,92;6,2;221,59;207,81;5,98;206,34;199,23;5,53;215,49;205,99;5,83;3,6;4;4,3;4,7;5,2;5,4;5,8;5,6;5,4;5,6;3,7;4;4,5;4,7;5;5,3;5,6;5,9
Rondônia;Pública (4);81,5;93;72,2;81,5;85,3;87;0,83;84,7;94,5;76,3;82,7;86,3;89;0,85;86,5;97,6;79;83,5;86;89;0,87;88,2;98,5;81,7;85,8;88;89,8;0,88;92,6;98,4;95,3;89,1;89,2;91,8;0,93;92,1;98,2;98,5;84,2;88,1;92;0,92;92,5;98,2;98,5;85,4;89,9;93,8;0,93;93,1;98,7;98,6;86,5;89,8;94,2;0,93;98;99,6;97,9;97,2;97,5;98,2;0,98;96,3;99,2;97,6;93,9;94,6;95,8;0,96;171,45;163,51;4,21;184,53;168,51;4,55;196,97;178,18;4,97;202,2;184,31;5,18;210,95;193,95;5,52;215,23;204,49;5,79;222,74;213,21;6,1;218,37;204,18;5,85;202,42;195,05;5,38;211,52;202,09;5,68;3,5;3,9;4,3;4,6;5,1;5,3;5,7;5,5;5,3;5,5;3,6;3,9;4,3;4,6;4,9;5,2;5,5;5,8
Rondônia;Privada (2);97,4;-;95,9;97,8;98,1;98,1;0,97;97,7;98,9;95,8;98,5;98,5;97,9;0,98;97,8;98;96,7;97,5;98,5;98,1;0,98;98,1;99,1;96,7;98,2;98,5;98;0,98;98,9;99,7;98,3;98,5;99,2;98,9;0,99;99,1;99,5;99,4;98,6;99;98,9;0,99;99,3;99,9;99,9;98,4;99,3;98,9;0,99;98,7;99,8;99,6;97,4;97,4;99,4;0,99;99;99,4;99,3;98,6;98,9;99;0,99;99,1;99,9;99,3;98,3;99;99,1;0,99;217,34;205,18;5,84;218,49;200,73;5,79;-;-;-;235,93;221,1;6,49;237,69;223,11;6,56;242,61;232,92;6,84;252,57;243,16;7,21;245,16;234,44;6,91;238,43;233,58;6,77;241,9;231,99;6,8;5,7;5,7;-;6,4;6,5;6,8;7,2;6,8;6,7;6,7;5,8;6;6,4;6,6;6,8;7;7,2;7,4
Rondônia;Estadual;83,7;-;80,6;81,4;85,7;86,7;0,84;85,2;91;80,7;82,2;86,1;88,7;0,86;87,4;96,7;82,4;83,6;86,8;89,6;0,88;87,9;98,4;82,2;85,9;87,8;88,9;0,88;92,9;98,1;96;89,5;90,8;92,3;0,93;92,8;98,4;98,7;86,3;90,2;93,3;0,93;93,9;98,1;98,8;88,6;93,1;95,2;0,95;93,5;98,8;98,2;88,6;91,3;94,5;0,94;97,5;99,3;99,3;96,6;96,7;97,2;0,98;96,9;99,6;97,7;95,2;96,8;96,1;0,97;171,94;166,28;4,27;186,52;170,24;4,62;199,72;180,84;5,07;205,65;187,55;5,3;218,46;201;5,79;222,64;211,87;6,07;231,04;222,02;6,42;223,31;208,63;6,02;210,32;203,19;5,68;218,61;208,66;5,94;3,6;4;4,4;4,7;5,4;5,7;6,1;5,7;5,6;5,8;3,6;4;4,4;4,7;5;5,2;5,5;5,8
Acre;Total (3)(4);74,8;97;60,6;77,4;83;86,8;0,79;79;95,5;65,8;80,9;85,9;89,7;0,82;84,7;91,9;72,3;83,1;88,9;91,6;0,85;87,7;95,4;79;85,2;89,3;92,5;0,88;89,9;97,3;82,3;88,3;91;92,3;0,9;90,3;97,8;83,6;87,9;90,9;93,3;0,9;91,1;98,1;84,1;89,2;91,2;93,8;0,91;92,9;98,3;87,3;91,2;93,3;95,3;0,93;95,7;98,5;94,2;94;95,6;96,2;0,96;94,9;98,5;93,7;94;93,8;94,9;0,95;172,33;170,32;4,35;185,58;173,84;4,67;195,98;182,2;5,02;202,08;187,42;5,23;211,2;198,83;5,61;220,66;209,04;5,98;231,51;219,37;6,38;232,55;217,17;6,36;211,35;205,42;5,74;224,03;214,23;6,14;3,4;3,8;4,3;4,6;5,1;5,4;5,8;5,9;5,5;5,8;3,5;3,8;4,3;4,5;4,8;5,1;5,4;5,7
Acre;Pública (4);73,8;97;59,5;76,5;82,2;86,2;0,78;78,3;95;65;80,3;85,4;89,3;0,82;84,1;91,6;71,5;82,5;88,4;91,3;0,84;87,3;95,3;78,3;84,7;88,9;92,2;0,87;89,6;97,2;81,6;87,8;90,6;92;0,9;89,9;97,8;83;87,4;90,6;92,9;0,9;90,7;98;83,3;88,7;90,8;93,6;0,91;92,6;98,2;86,7;90,7;92,9;95,1;0,93;95,5;98,5;94;93,8;95,4;96;0,96;94,6;98,4;93,4;93,7;93,4;94,6;0,95;169,1;167,65;4,24;182,75;171,13;4,57;195,98;182,2;5,02;200,24;185,21;5,16;209,54;196,92;5,55;218,43;206,43;5,89;229,63;217,44;6,31;230,61;215,17;6,28;208,08;202,08;5,61;221,95;212,32;6,07;3,3;3,7;4,2;4,5;5;5,3;5,7;5,8;5,4;5,7;3,4;3,7;4,1;4,4;4,7;5;5,3;5,6
Acre;Privada (2);98,9;-;97,9;99;99;99,4;0,99;98,3;98,4;97,8;98,3;98,5;98,7;0,98;98,9;99,2;98,3;98,8;99,4;98,8;0,99;98,8;98,7;98,1;99,1;99,3;98,9;0,99;99,2;99,9;98,6;99,8;99,1;98,6;0,99;99,3;99,4;99;99,2;99,1;99,9;0,99;99,5;99,8;99,4;99,6;99,2;99,3;0,99;99,7;99,7;99,5;99,7;99,8;99,8;1;99,9;99,9;100;99,9;100;99,7;1;99,8;100;99,8;99,8;99,8;99,7;1;212,82;203,68;5,73;224,49;211,17;6,09;-;-;-;227,89;218,35;6,29;238,5;230,13;6,71;249,42;242,56;7,14;260,74;249,31;7,48;258,11;243,6;7,33;252,27;247,27;7,28;251,36;239,37;7,12;5,7;6;-;6,2;6,7;7,1;7,4;7,3;7,3;7,1;5,7;6;6,3;6,6;6,8;7;7,2;7,4
Acre;Estadual;78,4;-;66,2;79,9;85,3;88,5;0,79;82;-;70,7;83,3;87,5;90,8;0,82;87,8;93,1;78,5;85,5;90,4;92,9;0,88;89,1;95,4;82,8;86,9;89,6;92,8;0,89;90,9;96,8;85,4;89,1;91,4;92,9;0,91;91;97,6;86,5;88,3;90,9;93;0,91;92,8;97,6;88,4;92;92,2;94,5;0,93;94,1;98,4;90,7;92,7;94,2;95,1;0,94;95,9;98,7;93,9;94,5;96,1;96,4;0,96;94,9;97,5;93,9;94,5;94,1;94,8;0,95;169,2;166,81;4,23;184,36;172,77;4,63;197,98;185,3;5,12;202,09;188,32;5,25;215,33;202,95;5,77;222,96;211,1;6,06;236,14;223,56;6,54;238,02;222,1;6,55;216,99;212,04;5,97;232,4;222,5;6,45;3,3;3,8;4,5;4,7;5,2;5,5;6,1;6,2;5,7;6,1;3,4;3,7;4,2;4,4;4,7;5;5,3;5,6
Amazonas;Total (3)(4);72,9;85,2;65,7;69,2;77,5;78,5;0,75;77,8;88,9;73,5;70,6;82,3;80,9;0,79;80,1;90;76;73,3;83,5;81,9;0,81;84,7;92,8;81,6;79,4;86,6;85,4;0,85;88,4;95,2;89,2;82,9;89,7;86,6;0,89;90,9;96,7;96,6;83,6;91,9;87,8;0,91;91,6;97,5;97,4;84,2;92,8;87,9;0,92;93,1;98,1;97,8;86,8;94,6;89,6;0,93;96,8;98,1;98;95,6;96,8;95,4;0,97;97;99;99;94,7;98,2;94,2;0,97;170,1;159,86;4,12;183,1;168,42;4,52;191,84;175,41;4,82;199,77;183,65;5,12;202,32;190,51;5,29;211,93;202,21;5,69;217,04;208,48;5,9;217,46;206,25;5,87;209,01;200,39;5,6;217,13;207,01;5,88;3,1;3,6;3,9;4,3;4,7;5,2;5,4;5,5;5,4;5,7;3,1;3,5;3,9;4,2;4,5;4,8;5,1;5,4
Amazonas;Pública (4);71,6;85,2;64,2;67,7;76,2;77,4;0,73;77,2;88,5;72,8;69,8;81,7;80,3;0,78;78,8;89,4;74,6;71,8;82,4;80,8;0,79;83,6;92,4;80,3;78,1;85,8;84,5;0,84;87,5;94,9;88,3;81,6;89;85,7;0,88;90,1;96,5;96,4;82,3;91,3;87;0,9;90,9;97,4;97,2;83;92,4;87,2;0,91;92,6;98;97,6;85,8;94,3;89;0,93;96,6;98;97,9;95,3;96,6;95,1;0,97;96,8;99;98,9;94,4;98,1;93,8;0,97;167,28;157,02;4,01;179,84;164,94;4,4;191,84;175,41;4,82;196,46;180,33;5;199,27;187,03;5,17;208,48;198,33;5,55;213,97;205,25;5,78;214,11;202,53;5,74;205,68;196,73;5,47;213,58;202,97;5,74;2,9;3,4;3,8;4,2;4,5;5;5,3;5,3;5,3;5,6;3;3,3;3,8;4;4,3;4,6;4,9;5,2
Amazonas;Privada (2);97,5;100;96,4;97,8;98;97,7;0,98;97,6;95,7;97,7;97,7;98,4;98,2;0,98;96,7;95,2;96,3;97,2;97,1;97,8;0,97;97,5;96,1;97,5;98,5;98;97,9;0,98;97,9;97,5;98,2;98,1;97,9;97,9;0,98;98,4;98,2;98,9;98,4;98,4;98,1;0,98;98,7;98,7;98,9;98,6;98,7;98,5;0,99;98,8;99;98,9;99;99;98,3;0,99;99,2;99,3;99,1;99,2;99,3;99,3;0,99;99,3;99,4;99,4;99,1;99,4;99,3;0,99;211,04;201,18;5,65;217,68;205,37;5,86;-;-;-;232,91;216,92;6,36;230,17;222,29;6,4;241,16;235,12;6,85;247,42;240,45;7,06;249,1;241,31;7,11;245,18;240,16;7,02;249,35;243,69;7,16;5,5;5,7;-;6,2;6,3;6,7;7;7;7;7,1;5,6;5,9;6,2;6,5;6,7;6,9;7,1;7,3
Amazonas;Estadual;77,2;90,8;73,3;73;77,4;80,5;0,78;82,4;92,6;81,5;74,1;86,5;84;0,83;87,8;93,8;91,2;77,4;94,4;87,2;0,88;92,4;96,4;96,6;85,1;97,3;89,6;0,93;94;97,9;97,8;87,6;98,2;91;0,94;95;98,7;98,7;89,1;98,7;92,4;0,95;95,3;99,3;99;89,1;98,9;92,3;0,96;95,4;99,3;99,2;89,1;98,9;92,6;0,96;99,1;99,4;99,3;98,5;99,4;99;0,99;97,7;99,7;99,8;94,7;99,8;95,4;0,98;172,45;159,61;4,16;186,09;171,54;4,64;200,96;182,97;5,13;202,79;184,08;5,19;205,71;192,17;5,39;213,93;204,11;5,76;222,21;214,06;6,1;221,02;212,1;6,04;218,71;211,13;5,98;221,14;213,24;6,07;3,3;3,9;4,5;4,8;5,1;5,5;5,8;5,8;5,9;5,9;3,3;3,7;4,1;4,4;4,7;5;5,2;5,5
Roraima;Total (3)(4);85,1;98,1;78,4;84,7;86,9;89,8;0,87;87,1;96,8;78,9;87,9;89,5;91,4;0,89;90,7;97,8;85,8;89,3;90,6;92,3;0,91;92,8;98;90,9;91,1;91,6;92,9;0,93;94,2;98,6;94,3;92,6;91,8;93,1;0,94;93,3;98,4;92,6;93;91,6;91,5;0,93;93,6;98,4;92,4;91,6;90,7;94,5;0,93;93,9;97,5;92,4;92;92,4;94,6;0,94;97,8;99;97,8;97,7;97,2;97,3;0,98;96,3;97,9;96,7;95,6;95,4;95,6;0,96;172,14;164,21;4,24;187,41;172,75;4,69;187,53;172,37;4,68;197,29;183,06;5,06;204,44;188,06;5,29;211,47;197,57;5,6;220,51;206,13;5,93;222,7;209,58;6,03;209,04;201,44;5,62;213,81;201,13;5,71;3,7;4,1;4,3;4,7;5;5,2;5,5;5,7;5,5;5,5;3,8;4,1;4,5;4,8;5,1;5,4;5,6;5,9
Roraima;Pública (4);84,6;98,1;77,8;84,3;86,5;89,5;0,87;86,5;96,4;78,2;87,4;89,1;91,1;0,88;90,3;97,6;85,1;88,9;90,2;91,9;0,91;92,4;97,9;90,5;90,7;91,2;92,6;0,93;93,9;98,6;93,9;92,1;91,4;92,8;0,94;92,8;98,2;91,9;92,5;91;91,1;0,93;93;98,2;91,7;91;89,9;94,2;0,93;93,3;97,3;91,6;91,2;91,8;94,2;0,93;97,7;98,9;97,6;97,6;96,9;97,2;0,98;96;97,8;96,4;95,3;95,1;95,4;0,96;169,65;161,52;4,14;185,34;170,65;4,61;187,53;172,37;4,68;193,07;179,53;4,92;201,02;183,75;5,15;208,05;193,91;5,47;217,56;202,79;5,81;218,57;205,32;5,87;205,15;196,84;5,46;210,79;197,97;5,59;3,6;4,1;4,2;4,5;4,8;5,1;5,4;5,5;5,3;5,4;3,7;4;4,4;4,7;5;5,3;5,6;5,8
Roraima;Privada (2);98,9;-;98,1;98,9;99,7;98,9;0,99;98,9;99,7;98,4;98,6;99,3;98,6;0,99;99,6;100;99,4;99,1;100;99,6;1;98,6;99,3;97,5;98;99;99,1;0,99;99,2;99,5;99,3;99,8;98,8;98,5;0,99;98,8;99,4;98,5;99;99;97,8;0,99;99,3;99,8;99,2;98,4;99;99,6;0,99;99,4;99,5;99,5;99,3;99,1;99,4;0,99;99,6;99,8;99,9;99,4;99,6;99,2;1;99,6;99,3;100;99,5;99,8;99,4;1;221,12;216,91;6,13;222,68;208,46;6,01;-;-;-;246,34;223,42;6,73;241,83;235,2;6,86;245,59;233,98;6,91;251,74;241,41;7,16;254,9;242,83;7,25;238,61;236,44;6,82;244,63;233,31;6,88;6,1;5,9;-;6,6;6,8;6,8;7,1;7,2;6,8;6,9;6,1;6,4;6,7;6,9;7,1;7,3;7,5;7,6
Roraima;Estadual;84,5;-;77,7;84;87,2;89,8;0,84;85,1;50;76,2;87,4;88,6;90,5;0,75;88,8;99,1;81,8;88,3;89,4;91,1;0,9;90,2;95,9;87,8;88,6;89,4;91,4;0,91;92,1;97,7;93,6;92,8;91,2;89,7;0,93;91,6;97,5;96,6;96,6;89,9;85,2;0,93;93,3;97,2;96,7;95,8;88,3;88,3;0,93;92,7;97,2;95,4;94,1;88,6;88,8;0,93;97,2;96,9;98,8;98,5;96,2;95,4;0,97;93,9;96,5;96,2;95,4;92,7;88,5;0,94;169,17;161,6;4,13;185,75;171,12;4,62;186,43;171,15;4,64;194,36;179,89;4,95;198,01;186,23;5,13;205,56;200,22;5,53;-;-;-;-;-;-;-;-;-;-;-;-;3,5;3,5;4,2;4,5;4,8;5,1;-;-;-;-;3,6;3,9;4,3;4,6;4,9;5,2;5,5;5,7
Pará;Total (3)(4);66,2;82,3;54,8;67,4;72,2;76,7;0,69;70,2;82,4;59,6;70,2;75,4;78,7;0,72;77,8;89,3;70,4;75;79,4;83,7;0,79;86,3;94,7;90,4;80,7;83,3;85,1;0,87;86,3;96,1;95;80,7;81,7;81,5;0,86;86,1;96,4;95,6;80,2;80,8;81,4;0,86;86,9;96,7;96,5;80,5;82,5;82,5;0,87;88,4;97,5;96,7;81,8;84,3;85,4;0,89;94,9;98,2;97,7;93,5;93,8;92,4;0,95;92,9;98,9;98;90,4;90,2;88,3;0,93;163,54;158,85;3,98;177,99;163,41;4,34;185,06;169,82;4,59;190,65;177,29;4,83;183,07;173,46;4,62;197,34;188,46;5,16;201,09;195,4;5,36;207,11;197,24;5,51;197,49;190,81;5,21;205,01;197,4;5,47;2,8;3,1;3,6;4,2;4;4,5;4,7;4,9;4,9;5,1;2,8;3,1;3,5;3,8;4,1;4,4;4,7;5
Pará;Pública (4);65,1;82,3;53,7;66,3;71,1;75,8;0,68;69,2;81,6;58,4;69,1;74,5;77,7;0,71;76,9;88,6;69,3;74;78,6;83;0,78;85,6;94,5;90;79,7;82,4;84,3;0,86;85,4;95,9;94,7;79,4;80,5;80,2;0,86;85;96,2;95,3;78,7;79,4;80,1;0,85;85,8;96,5;96,2;79;81,2;81,2;0,86;87,4;97,3;96,4;80,2;82,9;84,2;0,88;94,5;98,1;97,5;93;93,3;91,8;0,95;92,3;98,9;97,8;89,4;89,3;87,2;0,92;160,87;156,3;3,88;175,14;160,41;4,23;185,06;169,82;4,59;187,28;173,81;4,7;178,8;168,62;4,45;194,12;184,53;5,03;197,31;190,68;5,2;202,54;192,27;5,33;192,82;186;5,03;199,22;191,45;5,25;2,7;3;3,6;4;3,8;4,3;4,5;4,7;4,8;4,8;2,7;3;3,4;3,7;4;4,3;4,6;4,9
Pará;Privada (2);96,2;-;95,1;96,4;96,7;97;0,96;96;96,6;94,2;95,6;97,1;97,1;0,96;96,9;96,2;96;97,2;97,3;97,5;0,97;97,4;96,7;97,6;97,6;97,7;97,6;0,97;97,8;97,7;98,1;97,6;97,5;97,8;0,98;97,9;98,3;98,3;97,5;97,7;97,7;0,98;98,3;98,4;98,8;97,9;98,1;98,2;0,98;98,8;99;99,1;98,4;98,8;98,5;0,99;99;98,8;99,1;98,8;99,1;99,3;0,99;99,2;99,1;99,5;99,2;99,3;99,1;0,99;209,97;203,19;5,67;213,35;200,59;5,69;-;-;-;222,01;209,7;6,02;218,55;213,72;6,03;222,44;219,01;6,2;230,44;232,08;6,59;239,57;232,48;6,77;230,55;224,9;6,46;241,13;234,51;6,84;5,5;5,5;-;5,9;5,9;6,1;6,5;6,7;6,4;6,8;5,5;5,8;6,2;6,4;6,6;6,8;7;7,2
Pará;Estadual;70,1;-;59,1;69,9;73,8;78,1;0,69;67,2;-;57,5;67;71,9;72,2;0,67;80,3;89,4;86,1;75;78;81,9;0,82;87,3;97,1;96,6;72,7;95,4;83,6;0,88;84,4;96,2;97,5;69,4;97,2;75,6;0,85;84,9;93;95,1;71,6;94,1;79,4;0,86;87,5;95,1;96,7;74,7;96,6;82,7;0,88;90,9;97,8;98,4;79,5;98,5;87,2;0,92;92,2;96,7;95,5;84,7;94,5;90,9;0,92;99,6;100;100;99,1;100;99,2;1;161,97;161;3,99;174,52;160,37;4,21;181,98;168,2;4,5;181,94;170,73;4,54;171,53;163,5;4,21;189,85;181,99;4,9;194,67;190,46;5,15;203,46;195,83;5,41;201,67;197,22;5,4;211,22;203,12;5,69;2,8;2,8;3,7;4;3,6;4,2;4,5;5;5;5,7;2,8;3,2;3,6;3,8;4,1;4,4;4,7;5,1
Amapá;Total (3)(4);79,1;-;70,1;79,1;83,5;87,3;0,79;79,4;82,5;73;78,6;81,9;86,1;0,8;82,9;98,1;75;79,8;83,6;87,9;0,84;89,9;97,8;95,1;82,9;86,7;88,6;0,9;88,8;96,7;97,7;82;83,8;86,3;0,89;88,7;96,4;97,5;82,5;84,4;84,9;0,89;89,5;97,1;97,5;82,5;86,2;86,5;0,9;91,1;98,1;98,2;83,6;87,6;90,1;0,91;93;98,4;98;91,1;88,7;90,3;0,93;93,3;98,7;98,9;89,6;89,9;89,8;0,93;164,5;158,44;3,99;176,4;163,11;4,3;182,5;167,5;4,5;183,64;171,36;4,59;182,04;171,16;4,55;193,72;184,44;5,02;195,83;189,82;5,16;202,83;194,49;5,38;197,45;192,42;5,24;201,96;195,36;5,38;3,2;3,4;3,8;4,1;4;4,5;4,6;4,9;4,9;5;3,2;3,6;4;4,3;4,6;4,9;5,2;5,4
Amapá;Pública (4);78,1;-;68,7;78,2;82,7;86,6;0,78;78,4;77,7;71,5;77,8;81;85,5;0,78;82;98;73,8;79,1;82,7;87,3;0,83;89,3;97,7;94,8;81,8;86;88;0,89;88;96,5;97,5;80,8;82,6;85,3;0,88;87,7;96,1;97,3;81,1;83,2;83,7;0,88;88,5;96,8;97,2;81;84,9;85,3;0,89;90,1;97,9;98;82,1;86,3;89,1;0,9;92,4;98,4;97,8;90,3;87,8;89,4;0,93;92,6;98,5;98,7;88,6;88,9;88,9;0,92;160,29;154,99;3,84;173,71;160,08;4,19;182,5;167,5;4,5;180,03;167,72;4,45;177,41;166,39;4,38;189,62;179,87;4,86;190,64;184,36;4,96;197,59;188,66;5,17;192,85;187,17;5,05;197,16;189,42;5,18;3;3,3;3,8;4;3,9;4,3;4,4;4,7;4,7;4,8;3,1;3,4;3,8;4,1;4,4;4,7;5;5,3
Amapá;Privada (2);91,6;-;87,7;90,7;93,9;95,4;0,92;94,7;97,8;93,3;92,1;97,3;95,8;0,95;95,7;98,6;93,7;92,8;97,2;97,2;0,96;98,7;99,6;98,4;98,2;98,4;98,9;0,99;98,8;98,5;99,3;97,8;99,2;99,1;0,99;99,2;99,6;99,7;98,3;98,8;99,3;0,99;99,4;99,7;99,9;99,1;98,9;99,2;0,99;99,5;99,7;99,5;99,3;99,4;99,7;1;99,3;98,4;99,4;99,3;99,8;99,7;0,99;99,8;100;99,9;100;99,9;99,2;1;204;190,84;5,33;207,19;197,88;5,52;-;-;-;225,57;213,45;6,16;226,12;216,56;6,22;230,77;225,81;6,48;239,69;236,03;6,84;242,3;238,46;6,93;233,8;233,97;6,69;239,96;242,41;6,96;4,9;5,3;-;6,1;6,1;6,4;6,8;6,9;6,6;6,9;5;5,3;5,7;5,9;6,2;6,4;6,6;6,9
Amapá;Estadual;78,7;-;68,2;78,3;83;87,6;0,79;78,3;52,4;71;77,2;80,7;85,8;0,71;79,6;0;69,4;79,1;82,4;87,6;0,79;87,2;97,7;94,5;78,3;82,6;86,9;0,87;85;96,9;97,1;78,7;79,6;84,4;0,87;86,2;96,8;98,1;79,4;81,6;84,7;0,87;87;97,5;98,2;79,6;81,3;83;0,87;88,7;98,4;98,3;79,4;83,9;88,6;0,89;87,7;99,1;98,1;82,9;79,2;84,1;0,88;90,7;98,8;98,9;86,4;85,2;86,8;0,91;162,21;155,44;3,89;174,57;160,75;4,22;185,13;169,67;4,59;180,9;169,07;4,49;177,45;166,14;4,38;192,09;183,79;4,98;195,12;188,31;5,12;202,07;194,13;5,35;196,87;193,45;5,24;199,47;194,29;5,31;3,1;3;3,6;3,9;3,8;4,4;4,5;4,8;4,6;4,8;3,1;3,5;3,9;4,2;4,4;4,7;5;5,3
Tocantins;Total (3)(4);83,8;96,7;77,3;83,6;86,1;87,9;0,86;89,7;96,4;84,1;88,4;90,3;91,8;0,9;91,3;97,9;86,6;89,7;91,2;92,4;0,91;91,8;98,7;87,5;89,9;91,5;92,7;0,92;95,4;99,3;98,9;95,9;91,3;92,2;0,95;93,4;98,9;99;90,6;87,6;91,6;0,93;94,2;99,3;99,2;90,5;90,1;93,4;0,94;95,1;99,2;98,9;91,8;92,2;94,8;0,95;98,6;99,7;99,5;98,1;98,1;97,8;0,99;97,9;99,8;99,2;96,4;97;97,3;0,98;166,5;160,83;4,07;183,44;168,58;4,53;194,2;176,72;4,89;205,42;188,03;5,31;205,21;189,9;5,34;207,27;197,05;5,51;217,59;207,97;5,9;220,74;205,86;5,92;204,42;194,34;5,4;213,11;202,77;5,72;3,5;4,1;4,5;4,9;5,1;5,1;5,6;5,6;5,3;5,6;3,6;3,9;4,3;4,6;4,9;5,2;5,5;5,7
Tocantins;Pública (4);83,1;96,7;76,3;82,8;85,4;87,4;0,85;89,2;96,4;83,1;87,8;89,8;91,5;0,9;90,9;97,9;85,9;89,1;90,7;92,1;0,91;91,3;98,7;86,7;89,4;91,1;92,3;0,91;95,1;99,3;98,9;95,7;90,7;91,8;0,95;92,9;98,9;99,1;89,9;86,6;91;0,93;93,6;99,3;99,2;89,6;89,3;92,9;0,94;94,6;99,2;98,8;91;91,5;94,4;0,95;98,5;99,8;99,5;97,9;97,9;97,6;0,99;97,7;99,8;99,1;96;96,7;97;0,98;164,1;158,55;3,98;181,15;166,35;4,45;194,2;176,72;4,89;202,81;185,68;5,22;202,2;186,75;5,22;204,07;193,68;5,38;213,89;203,95;5,76;217,45;202,18;5,8;199,58;189,19;5,22;208,39;198,29;5,55;3,4;4;4,4;4,8;5;5;5,4;5,5;5,1;5,4;3,5;3,8;4,2;4,5;4,8;5,1;5,4;5,7
Tocantins;Privada (2);98,1;-;97,7;98,9;98,1;98,1;0,98;98,4;96,9;98,4;99;98,7;98,5;0,98;98,1;97,2;97,7;98,7;98,8;98,1;0,98;98,2;98,5;98,3;97,9;98,1;98,1;0,98;98,8;99,1;99,2;98,8;98,4;98,2;0,99;98,3;98,8;98,2;97,9;98,2;98,2;0,98;99,2;99,2;99,6;99,3;98,9;98,8;0,99;99,4;99,7;99,7;99,2;99,2;99,1;0,99;99,6;99,6;99,6;99,6;99,5;99,6;1;99,5;99,6;99,7;99,6;99,5;99,2;1;211,27;203,39;5,69;218,65;202,75;5,83;-;-;-;241,85;220,8;6,6;243,39;230,02;6,8;241,27;232,73;6,81;255,34;248,93;7,37;251,38;240,17;7,13;248,64;241,43;7,11;249,98;237,76;7,06;5,6;5,7;-;6,5;6,7;6,7;7,3;7,1;7,1;7;5,7;5,9;6,3;6,5;6,7;6,9;7,1;7,3
Tocantins;Estadual;87;96,7;81,3;85,9;88,1;89,3;0,88;92,6;98,3;89,2;91,7;92,8;93,2;0,93;92,4;97,8;89,3;91,6;92,1;92,7;0,93;91,7;98,4;87,8;90,6;91,3;92,6;0,92;94,4;98,9;99;98,6;90;90,8;0,95;88,5;87,1;96,3;89,7;85,8;88,9;0,89;92,7;93,5;96,5;92,2;90,9;93,3;0,93;92,6;90,8;97,2;93,7;91,8;91,7;0,93;96;98,6;99,1;95,3;95,4;95,2;0,97;96,8;99,1;98,9;94,2;97,3;96,4;0,97;169,66;161,24;4,14;183,43;168,39;4,53;193,17;176,35;4,86;204,28;187,59;5,28;205,1;190,65;5,35;208,82;197,87;5,55;225,98;214,59;6,18;229,54;211,61;6,2;210,96;200,82;5,65;231;219,66;6,37;3,6;4,2;4,5;4,9;5,1;5;5,8;5,8;5,5;6,2;3,7;4;4,5;4,7;5;5,3;5,6;5,9
Nordeste;Total;73,1;83,5;66,9;71,8;75,8;77,9;0,75;79,2;88,3;74,8;76,8;80,2;81,6;0,8;83,6;92,3;82,2;79,8;83,3;84;0,84;87,5;95;90;82,6;86;85,5;0,88;89,6;96,7;95,3;84,1;87,4;86,7;0,9;90,3;97;96,4;84,6;87,6;87,8;0,9;91,7;97,5;97,2;86,7;89,2;89,7;0,92;93,7;98,3;97,8;89,7;91,6;92,6;0,94;97,1;98,8;98,5;96,7;96,2;95,7;0,97;96,9;99,2;99;95,5;95,9;95,2;0,97;162,46;155,15;3,89;179,19;162,42;4,34;184,04;167,31;4,52;190,83;174,55;4,78;190,44;177,77;4,83;203,3;192,31;5,35;207,78;199,4;5,56;213,98;201,61;5,72;205,07;196,75;5,46;213,8;204,57;5,77;2,9;3,5;3,8;4,2;4,3;4,8;5,1;5,4;5,3;5,6;3;3,3;3,7;4;4,3;4,6;4,9;5,2
Nordeste;Pública;70,8;83,4;64,3;69,1;73,6;76;0,73;77,8;87,6;73;75,3;78,9;80,2;0,79;81,9;91,7;80,2;77,6;81,5;82,3;0,82;85,8;94,7;88,7;80,2;84,3;83,8;0,86;88;96,6;94,8;81,6;85,5;84,8;0,88;88,6;96,9;96;81,9;85,5;85,9;0,89;90,1;97,3;96,8;84,1;87,2;88;0,9;92,5;98,2;97,5;87,5;89,9;91,2;0,93;96,7;98,9;98,4;96,2;95,6;95;0,97;96,3;99,2;98,9;94,5;95;94,3;0,96;156,42;149,6;3,67;174,35;157,32;4,16;182,04;165,32;4,45;186,83;170,93;4,64;186,08;173,1;4,67;199,72;188,29;5,2;203,92;195,7;5,42;210,3;198,02;5,58;200,05;192,24;5,28;208,24;199,39;5,57;2,7;3,3;3,7;4;4,1;4,6;4,9;5,2;5,1;5,4;2,7;3,1;3,5;3,7;4;4,3;4,6;4,9
Nordeste;Privada (1);96;91,6;95,1;96,6;96,5;96,4;0,95;96,5;95,5;95,9;97;96,9;96,9;0,96;96,7;96;96,4;97,2;97;96,9;0,97;97;96,6;97,1;97,4;97,2;97;0,97;97,3;96,9;97,5;97,5;97,5;97,2;0,97;97,6;97,2;97,8;97,7;97,7;97,6;0,98;98,2;98;98,4;98,2;98,3;98,1;0,98;98,6;98,5;98,7;98,5;98,7;98,5;0,99;98,9;98,5;98,9;98,9;99;99,1;0,99;99,2;99,1;99,4;99,2;99,3;99,2;0,99;211,17;199,89;5,63;214,57;199,68;5,69;224,82;207,86;6,04;227,41;210,33;6,13;230,8;217,39;6,33;229,93;224,25;6,44;236,1;230,33;6,66;238,74;228,77;6,69;237,15;230,63;6,69;241,82;232,83;6,82;5,4;5,5;5,8;6;6,2;6,3;6,5;6,6;6,6;6,8;5,4;5,7;6,1;6,3;6,5;6,8;7;7,2
Nordeste;Estadual;73,8;80;68,4;70,1;77,6;77;0,74;77,2;84,9;72,8;73,9;80,2;78,2;0,78;80,4;88,5;79,5;78;80,2;80,4;0,81;83,5;91,3;87,7;80,9;81,9;81,6;0,84;85,7;93,7;94,3;82,6;81,8;83,9;0,87;85,5;93,7;94,7;81,9;81,9;82,9;0,87;87,9;94,8;95,9;84,5;84,2;85,6;0,89;90,2;96,4;96,7;87,4;86,8;87,9;0,91;94,4;98,1;96,9;96,2;93,4;90,6;0,95;94,3;97,7;97,2;95,8;91,7;91,4;0,95;162,62;156,62;3,92;177,09;161,09;4,28;184,34;167,17;4,53;187,69;171,78;4,67;188,1;174,81;4,74;197,68;186,78;5,14;201,35;193,66;5,33;206,54;195,62;5,47;198,66;190,17;5,22;205,61;197,09;5,48;2,9;3,3;3,7;3,9;4,1;4,5;4,7;5;5;5,2;3;3,3;3,7;4;4,3;4,6;4,9;5,2
Maranhão;Total (4);76,5;83,3;72,7;75,8;77,5;80,4;0,78;84;91,3;83,4;81,9;83,6;84,9;0,85;87,3;95,2;88,2;84,6;85,9;86,6;0,88;90,4;96,5;93,4;87,8;88,3;87,8;0,91;91,6;97,3;96,3;89,4;88,6;87,4;0,92;92,2;97,6;97,1;90,5;88,9;88,4;0,92;92,9;98,1;97,7;91,1;89,6;89,4;0,93;94,3;98,7;97,9;92,4;91,6;91,9;0,94;97,1;98,7;98,4;97;96,1;95,5;0,97;97,6;99,4;99,3;97,2;96,5;95,8;0,98;155,39;151,4;3,69;178,14;161,52;4,3;179,82;164,62;4,39;181,71;169,05;4,51;178,9;169,41;4,46;192,89;183,59;4,99;196,11;189,17;5,15;203,19;191,77;5,33;196,71;188,87;5,16;206,74;198,74;5,53;2,9;3,7;3,9;4,1;4,1;4,6;4,8;5;5;5,4;2,9;3,3;3,7;4;4,2;4,5;4,8;5,2
Maranhão;Pública (4);75,2;83,3;71,2;74,4;76,3;79,3;0,77;83,2;90,9;82,5;81;82,8;84,3;0,84;86,4;94,9;87,4;83,6;85;85,8;0,87;89,7;96,3;92,9;86,8;87,6;87,1;0,9;90,9;97,1;96;88,5;87,7;86,6;0,91;91,5;97,5;96,9;89,6;88;87,4;0,92;92,1;97,9;97,5;90,2;88,6;88,5;0,92;93,6;98,6;97,7;91,5;90,7;91;0,94;96,8;98,6;98,2;96,7;95,8;95,1;0,97;97,3;99,4;99,3;96,9;96,1;95,3;0,97;151,3;148,02;3,55;174,56;157,56;4,16;175,68;160,41;4,24;176,64;163,69;4,32;172,31;162,59;4,21;187,83;177,56;4,78;189,91;182,75;4,92;197,35;185,42;5,11;189,87;181,24;4,89;199,98;191,75;5,27;2,7;3,5;3,7;3,9;3,8;4,4;4,5;4,8;4,7;5,1;2,8;3,1;3,5;3,8;4,1;4,4;4,7;5
Maranhão;Privada;95,6;89,3;95,1;96,1;95,5;96,1;0,94;96,5;97,7;96;96,7;96,7;96,3;0,97;97,3;98,2;97;97,4;97,2;97;0,97;97,8;98,5;97,7;97,6;97,6;97,5;0,98;97,9;98,7;98,4;97,4;97,7;97;0,98;97,9;98,3;98,3;97,6;97,6;97,7;0,98;98,6;99;99;98,2;98,3;98,1;0,99;99;99,4;99,2;98,8;98,9;98,6;0,99;99;99;99,2;99;98,9;99;0,99;99,4;99,5;99,7;99,3;99,3;99;0,99;200,12;188,41;5,21;207,91;194,38;5,47;213,16;198,6;5,65;219,75;209,27;5,97;221,92;213,9;6,09;223,72;220,37;6,25;233,37;227,75;6,56;233,22;224,43;6,5;231,58;227,72;6,53;236,95;230;6,67;4,9;5,3;5,5;5,8;6;6,1;6,5;6,4;6,5;6,6;5;5,3;5,7;5,9;6,2;6,4;6,6;6,9
Maranhão;Estadual;79,2;-;68,5;77,6;83;86,1;0,78;86,6;50;87,4;83,7;86,4;88,7;0,75;86,6;95,8;87,6;83,4;86,6;88,5;0,88;88;91,7;91,5;84,4;86,5;88,9;0,89;87;85,8;89,8;86;86,1;87,3;0,87;83,1;79,3;80,6;82,5;84,6;85;0,82;79,8;74,5;82,9;76,2;75,9;85;0,79;81,1;84,3;82,5;83,6;79,7;77,7;0,81;86,1;94,9;92;85,3;85,3;78,9;0,87;84,4;91,1;93,2;84,1;83,7;75,2;0,85;164,78;162,83;4,07;178,46;164,22;4,36;181,82;167,35;4,48;182,43;171,24;4,56;187,18;179,43;4,8;196,12;193,09;5,22;195,64;195,22;5,25;184,47;178,6;4,74;184,2;178,28;4,73;183,16;185,65;4,84;3,2;3,3;4;4;4,2;4,3;4,1;3,9;4,1;4,1;3,3;3,6;4;4,3;4,6;4,9;5,2;5,5
Piauí;Total (4);71,7;80,5;64,5;71,3;75,3;77,8;0,73;77;84,4;70,3;75,2;80,3;81;0,78;81,6;88,6;76,3;78,9;82,8;84,8;0,82;86;91,5;85,3;82,8;85,6;86;0,86;88,4;96,3;94,5;83,3;84;86;0,88;88,5;96,5;95;82,1;84,2;87,2;0,89;90,6;96,9;95,6;85,6;87,2;89,6;0,91;93,4;97,8;96,6;89,8;90,8;93;0,93;97,9;98,9;98,5;97,6;97,4;97,1;0,98;98;99,5;99,3;97,2;97;97;0,98;157,67;156,3;3,82;183,7;168,14;4,53;194,22;177,48;4,9;199,79;183,2;5,11;196,38;182,5;5,03;207,26;196,56;5,5;215,69;205,98;5,83;224,76;212,34;6,12;209,84;203,81;5,68;221,23;213,36;6,07;2,8;3,5;4;4,4;4,5;4,9;5,3;5,7;5,6;5,9;2,9;3,2;3,6;3,9;4,2;4,5;4,8;5,1
Piauí;Pública (4);69,9;80,2;62,9;69,2;73,5;76,3;0,72;75,9;83,5;68,9;74;79,4;80;0,77;80,2;87,8;74,6;77,3;81,6;83,8;0,81;84,7;90,8;83,8;81,2;84,4;84,8;0,85;87,1;96,1;94,1;81,3;82,3;84,6;0,87;87,2;96,3;94,6;80,1;82,5;85,9;0,87;89,3;96,6;95;83,6;85,7;88,4;0,9;92,5;97,7;96,2;88,4;89,6;92,2;0,93;97,7;98,9;98,4;97,4;97,1;96,8;0,98;97,7;99,5;99,2;96,9;96,6;96,6;0,98;152,42;151,65;3,63;178,03;162,62;4,32;189,2;172,21;4,71;192,67;176,36;4,85;187,02;173,35;4,69;199,96;188,49;5,21;209,1;199,03;5,58;218,49;205,41;5,87;201,9;195,62;5,38;213,74;205,96;5,79;2,6;3,3;3,8;4,1;4,1;4,6;5;5,4;5,3;5,7;2,7;3;3,4;3,7;4;4,3;4,6;4,9
Piauí;Privada;96,2;88,6;95;97,1;96,4;96,3;0,95;96,4;98,1;97;96,1;96,2;95,4;0,97;96,7;96,1;96,9;97,3;96,3;96,5;0,97;96,8;96,5;97,2;97,4;96,6;96,6;0,97;97,4;97,4;97,6;97,7;97,2;96,8;0,97;97,5;97,5;97,4;97,9;97,3;97,3;0,97;98,1;98;98,7;98,4;97,9;97,3;0,98;98,5;98,3;98,7;98,6;98,4;98,3;0,98;99,1;98,7;99,2;99,1;99,2;99,1;0,99;99,3;99,1;99,4;99,3;99,3;99,3;0,99;212,27;204,59;5,73;219,97;203,41;5,87;224,31;209,05;6,05;237,17;219,08;6,48;242,96;228,02;6,75;239,97;232,79;6,78;245,26;237,13;6,96;250,13;240,38;7,11;248,11;243,31;7,13;250,19;242,02;7,15;5,4;5,7;5,8;6,3;6,6;6,6;6,8;7;7,1;7,1;5,5;5,8;6,1;6,4;6,6;6,8;7;7,2
Piauí;Estadual;68,2;75,1;64,4;66,2;68,6;73,6;0,69;74,2;74,9;68,4;73,6;76,6;78,8;0,74;80,3;84,1;74;78,2;82,6;84;0,8;83,1;91,4;79,5;80,9;83,5;84,8;0,84;85,1;97,9;87,8;81,9;83,2;85,9;0,87;85,2;82,9;85,7;83,6;84,1;87;0,85;88,9;95,7;88,4;83,9;88,5;90,7;0,89;92,2;97,3;97,3;89;92,4;91,3;0,93;98,7;100;100;99,6;98,3;98,1;0,99;97,6;99,1;98,6;95,4;97,7;97,8;0,98;159,25;148,38;3,7;177,16;162,66;4,31;189,78;174,07;4,76;193,62;177,59;4,89;199,14;186,61;5,16;205,22;196,94;5,47;223,47;216,7;6,17;232,82;220,89;6,43;221,69;218,25;6,17;232,94;227,29;6,55;2,6;3,2;3,8;4,1;4,5;4,6;5,5;6;6,1;6,4;2,6;2,9;3,3;3,6;3,9;4,2;4,5;4,8
Ceará;Total (4);81,3;87,7;78,7;80,9;81,3;82,1;0,82;85,7;90,8;84;83,4;85,4;85,6;0,86;89;93,5;88,8;87,3;87,8;88,5;0,89;92;95,7;93,4;90,2;90;91,7;0,92;94,9;97,7;97,8;93,7;92,4;93,8;0,95;95,9;98,2;98,3;95;93,1;95,4;0,96;96,9;98,6;98,8;96;94,7;96,9;0,97;98,2;99,3;99,3;97,7;96,6;98,2;0,98;99,7;99,6;99,7;99,7;99,7;99,7;1;99,7;99,8;99,9;99,7;99,5;99,7;1;158,36;157,02;3,84;181,58;167,13;4,47;195,71;180,07;4,98;205,81;189,9;5,35;207,38;196,01;5,49;222,05;214,29;6,1;228,78;222,22;6,38;233,91;223,07;6,49;227,21;220,91;6,32;235,26;227,32;6,59;3,2;3,8;4,4;4,9;5,2;5,9;6,2;6,4;6,3;6,6;3,2;3,6;4;4,3;4,5;4,8;5,1;5,4
Ceará;Pública (4);79,2;87,7;75,9;78,3;78,9;80;0,8;83,8;89,8;81,6;81;83,6;83,9;0,84;87,5;93,1;87,1;85,4;86;87;0,88;90,9;95,7;92,5;88,7;88,6;90,6;0,91;94,3;98,3;98;92,5;91,1;93;0,94;95,4;98,7;98,5;94;91,8;94,7;0,95;96,5;98,9;99;95,3;93,7;96,4;0,97;98;99,5;99,4;97,3;96;98,1;0,98;99,8;99,9;99,9;99,8;99,7;99,8;1;99,8;99,9;100;99,7;99,5;99,7;1;150,02;149,82;3,55;174,6;159,4;4,2;187,5;172,29;4,68;199,71;183,44;5,12;200,91;189,32;5,25;219,96;210,73;6;226,61;219,06;6,28;231,44;219,83;6,38;219,98;214,85;6,07;232,33;224,95;6,49;2,8;3,5;4,1;4,7;5;5,7;6,1;6,3;6,1;6,5;2,9;3,2;3,6;3,9;4,2;4,5;4,8;5,1
Ceará;Privada;96,8;95,7;96,1;97,4;97,2;96,9;0,97;96,8;95,4;96,6;97,4;97,2;97;0,97;96,5;95,2;96,5;97,2;96,8;96,7;0,96;96,8;95,6;97;97,4;97,1;97;0,97;97,1;96;97,3;97,9;97,5;97,2;0,97;97,8;96,8;97,7;98,4;98;98;0,98;98,3;97,9;98,4;98,6;98,4;98,5;0,98;98,8;98,7;98,9;98,9;98,9;98,8;0,99;99,1;98,6;99;99,2;99,4;99,5;0,99;99,5;99,5;99,6;99,6;99,5;99,4;1;209,06;200,81;5,6;211,57;200,27;5,65;228,14;210,84;6,16;226,86;212,19;6,16;228,01;217,31;6,27;227,9;224,24;6,4;234,98;231,21;6,66;240,92;232,24;6,79;251,89;241,63;7,17;244,46;234,75;6,9;5,4;5,5;5,9;6;6,1;6,3;6,5;6,7;7,1;6,9;5,5;5,8;6,1;6,4;6,6;6,8;7;7,2
Ceará;Estadual;78,7;89,4;78,1;81,8;74,1;80,6;0,8;80;84,5;76,1;76,9;80,2;81,3;0,8;85;86;89,5;86,3;84,2;83,4;0,86;87,1;86,3;90,4;84,9;86,3;87,6;0,87;90,7;93,4;93,4;88,8;88,8;90,4;0,91;88,2;94,5;94,1;87;85,8;81,8;0,88;94,4;95,4;97,7;93,5;92,8;93,4;0,95;95;95,8;97,3;95,6;92,5;94,6;0,95;99,9;100;99,8;100;100;99,7;1;99,3;99,8;100;99,7;98,6;98,7;0,99;158,91;162,33;3,95;182,19;165,55;4,46;193,38;179,72;4,93;197,49;183,05;5,07;206,21;196,64;5,48;232,93;227,39;6,55;249,17;238,61;7,06;246,45;230,61;6,87;251,66;244,6;7,22;270,03;255,56;7,77;3,2;3,5;4,2;4,4;5;5,8;6,7;6,5;7,2;7,7;3,2;3,6;4;4,3;4,6;4,9;5,2;5,5
R. G. do Norte;Total (4);74,9;85,3;72,4;69,4;82,3;71,8;0,76;83;91;90,2;85,4;78,1;73,3;0,83;83,2;93,3;92,4;89,4;69,8;77;0,83;85,2;95,1;95,1;92,7;71,1;79,1;0,85;87,7;97;96,5;95,1;73,9;82,4;0,88;89,2;97,7;97,4;96,1;76,5;84,3;0,9;90,4;98,1;98,3;96,1;78,8;85;0,91;92;98,8;98,8;96,4;82;87,7;0,92;93,5;98,8;98,1;96,8;90,3;86;0,94;94,5;99,2;98,8;96,5;88,4;90,4;0,94;154,53;147,45;3,6;174,14;156,64;4,14;188,25;171,12;4,67;192,27;176,97;4,86;194,3;181,86;4,98;202,96;193,32;5,36;205,66;198,9;5,51;209,53;199,83;5,6;201,84;193,89;5,35;209,07;201;5,61;2,7;3,4;3,9;4,1;4,4;4,8;5;5,2;5;5,3;2,8;3,1;3,5;3,8;4,1;4,4;4,7;5
R. G. do Norte;Pública (4);72,5;85,3;69,9;65;80,4;69;0,73;81;90,6;89,2;83,8;75,2;70,2;0,81;80,8;92,6;91,8;88,2;65,7;73,4;0,81;82,7;94,7;94,6;91,7;66,9;75,9;0,83;85,2;96,8;96,1;94,4;69,5;79,3;0,86;86,8;97,7;97,2;95,6;71,9;81,1;0,87;88;98;98,3;95,4;74,2;81,9;0,88;90;98,7;98,8;95,7;77,8;84,8;0,9;91,9;98,7;97,8;96,2;87,7;82,9;0,92;93;99,1;98,6;95,6;85,4;88;0,93;148,1;141,12;3,36;168,92;150,97;3,94;179,3;161,91;4,33;184,57;169,19;4,57;185,21;172,39;4,64;195,15;183,54;5,03;195,82;188,14;5,13;200,17;189,88;5,24;190,17;182,06;4,91;196,62;189;5,16;2,5;3,2;3,5;3,8;4;4,4;4,5;4,7;4,5;4,8;2,5;2,8;3,2;3,5;3,8;4,1;4,4;4,7
R. G. do Norte;Privada;94,4;-;93;94,5;95,4;95,1;0,94;95,1;93,4;94,9;95,2;95,4;96,1;0,95;95,8;95,9;95,3;95,8;95,8;96;0,96;96,6;96,4;96,7;97;96,6;96,2;0,97;97,4;97,5;97,6;97,6;97;97,3;0,97;97,7;97,7;97,9;97,8;97,4;97,6;0,98;98;98,3;98,2;98;98;97,6;0,98;98,5;99,1;98,6;98,5;98,2;98,3;0,99;98,8;98,8;98,8;98,7;98,8;98,6;0,99;99,1;99,3;99,4;99,1;99,1;98,9;0,99;201,45;193,59;5,33;204,28;189,45;5,31;224,07;207,94;6,03;224,12;209,18;6,05;227,86;216,84;6,26;228,13;224,87;6,41;236,91;233,07;6,73;236,51;228,54;6,64;238,89;231,43;6,74;242,97;233,67;6,86;5;5;5,8;5,8;6,1;6,3;6,6;6,5;6,7;6,8;5,1;5,4;5,8;6;6,3;6,5;6,7;7
R. G. do Norte;Estadual;75,2;79,9;74,1;66,6;83,9;69;0,74;78;88,8;89,3;82,8;69,7;65,9;0,78;78,7;91,1;92,6;87,5;64;72,4;0,8;79,8;92,7;93,8;90,6;64,4;73,7;0,81;83,3;95,4;96,4;95,4;67,8;76,9;0,85;86;98,6;98,8;98,7;70,9;79,1;0,88;88,6;99,5;99,6;98,3;74,9;82,5;0,9;90,6;99,5;99,4;97,8;79,2;85,8;0,92;90,7;99,4;98;97,5;86,5;80,3;0,92;93,4;99,4;97;97,1;86,8;90,2;0,94;152,99;140,54;3,44;167,16;149,31;3,87;179,71;162,54;4,35;183,51;168,55;4,53;184,13;171,5;4,6;197,25;186,23;5,12;197,23;189,08;5,17;203,1;193,39;5,36;194,96;186,32;5,08;201,31;192,64;5,31;2,6;3;3,5;3,7;3,9;4,5;4,6;4,9;4,7;5;2,6;2,9;3,3;3,6;3,9;4,2;4,5;4,8
Paraíba;Total (4);71,1;84,9;63,3;70,5;74,8;77,4;0,73;76;84;68,6;73,3;78,6;80,1;0,77;81;88;74,1;79;82,7;83,3;0,81;86,6;92,3;85,5;84,1;85,5;86,9;0,87;89,7;95,7;94,7;85,2;85,9;88,7;0,9;90,1;96,1;95,4;85,3;87,2;88,1;0,9;90,6;96,3;95,3;86,5;87,9;88,4;0,91;92,9;97,4;96,3;89,7;90,6;91,8;0,93;97,4;98,6;98,4;97,3;96,8;96,3;0,97;97;99;98,5;96,3;96,1;95,3;0,97;168,33;158,68;4,07;183,55;166,46;4,5;192,18;174,46;4,81;195,43;179,55;4,96;195,85;181,62;5,01;205,66;194,91;5,44;210,7;201,41;5,65;216,51;204,55;5,82;207,49;198,57;5,54;216,31;206,14;5,85;3;3,4;3,9;4,3;4,5;4,9;5,1;5,4;5,4;5,7;3,1;3,4;3,8;4,1;4,4;4,7;5;5,3
Paraíba;Pública (4);68,5;84,9;60,2;67,5;72,2;75,2;0,71;75;83,5;67,3;72,2;77,7;79,3;0,76;79,1;86,9;71,6;76,9;80,9;81,8;0,79;84,6;91,4;83,4;81,6;83,4;85;0,85;87,6;95,4;93,8;82,3;83,3;86,8;0,88;87,9;95,7;94,5;82;84,7;85,9;0,88;88,4;95,8;94,3;83,3;85,1;86,1;0,89;91,2;97,2;95,5;87;88,4;89,9;0,91;97,1;98,6;98,3;96,8;96,3;95,7;0,97;96,3;99,1;98,3;95,4;95,2;94,3;0,96;162,45;153,12;3,85;178,53;161,22;4,31;186,5;168,45;4,59;188,46;172,14;4,69;188,14;173,69;4,72;197,17;185,51;5,1;200,87;191,28;5,28;208,08;195,53;5,5;197,28;188,47;5,16;207,36;196,94;5,51;2,7;3,3;3,6;4;4,2;4,5;4,7;5;5;5,3;2,8;3,1;3,5;3,8;4,1;4,4;4,7;5
Paraíba;Privada;97,7;-;97,4;98,1;97,8;97,6;0,98;97,2;95,5;97;97,7;97,5;97,5;0,97;97,5;96,3;97,5;98,1;98,1;97,3;0,97;97,5;96,2;97,3;98,1;98,1;97,8;0,97;97,9;96,7;98;98,4;98,1;98,4;0,98;98;97,1;98,1;98,3;98,2;98,3;0,98;98,3;97,6;98,4;98,5;98,6;98,4;0,98;98,6;98;98,8;98,7;98,8;98,9;0,99;98,9;98,5;98,8;99,1;99,1;98,9;0,99;99,2;99;99,2;99,3;99,4;99,2;0,99;209,56;197,7;5,56;213,94;198,26;5,66;221,92;205,88;5,95;224,33;210,26;6,07;225,62;212,26;6,13;235,48;227,92;6,61;242,09;233,75;6,84;240,75;230,49;6,76;241,44;232,17;6,8;242,35;232,89;6,83;5,4;5,5;5,8;5,9;6;6,5;6,7;6,7;6,7;6,8;5,5;5,8;6,1;6,4;6,6;6,8;7;7,2
Paraíba;Estadual;74;86;64,3;74,4;77,2;80;0,76;78,6;81,3;73,1;76,8;80,5;82,5;0,79;80,4;84;74,2;81;81,1;82,6;0,8;84,9;88,9;87,9;82,9;82,4;84,3;0,85;87,9;93,9;95,2;82,4;84,7;88,8;0,89;88,7;93,3;95,9;80,5;94,5;85;0,89;89,2;94;95,7;81,7;94,6;85;0,9;90,9;96,1;97,1;83,8;95,2;87,6;0,92;98,3;99,3;98,2;98,6;98,1;97,9;0,98;96,2;98,2;96,6;97,5;96,8;93;0,96;165,83;156,91;3,99;180,84;163,34;4,39;187,15;168,94;4,61;188,49;171,78;4,69;187,81;173,4;4,71;194,04;181,61;4,97;199,17;191,3;5,25;204,79;193,41;5,39;196,32;189,13;5,15;201,99;195,44;5,38;3;3,5;3,7;4;4,2;4,4;4,7;4,9;5,1;5,2;3,1;3,4;3,8;4,1;4,4;4,7;5;5,3
Pernambuco;Total (4);76,7;87,8;70,3;73,9;80,8;82,1;0,78;78,6;90,6;72,7;73,5;82,9;82;0,8;85,5;94,1;86,6;79;86,8;85,2;0,86;88,8;95,7;94;80;91;85,7;0,89;90;96,3;96,3;80,4;94,2;85,7;0,9;90,5;96,6;96,9;81;93,7;87,1;0,91;92;97;97,3;83,4;94,5;89,5;0,92;94,4;97,6;97,8;88,6;95,9;93,2;0,94;97,9;99;98,9;96,4;98,4;96,9;0,98;97,4;99,1;99,2;95,3;98,2;95,6;0,97;167,72;159,9;4,08;182,92;166,76;4,49;190,18;172,58;4,74;193,89;176,06;4,87;200,41;186,04;5,18;209,23;198,34;5,57;211,14;203,27;5,69;217,74;204,53;5,84;207,43;199,1;5,55;217,58;207,82;5,9;3,2;3,6;4,1;4,3;4,7;5;5,2;5,5;5,4;5,7;3,3;3,6;4;4,3;4,6;4,9;5,2;5,5
Pernambuco;Pública (4);73,6;87,9;66,6;70,2;78;79,5;0,76;77,1;90,4;70,6;71,5;81,7;80,6;0,78;83;93,9;84,1;75,1;84,4;82,8;0,84;86,5;95,6;93,1;75,4;89,2;82,9;0,87;87,8;96,4;96;75,6;93,2;82,4;0,88;88,1;96,8;96,8;76,3;92,4;84,1;0,89;89,8;96,9;97;78,7;93,2;87;0,9;92,8;97,5;97,6;85,1;94,8;91,4;0,93;97,7;99,4;99,1;95,6;98,3;96,3;0,98;96,7;99,3;99,2;93,7;97,8;94,3;0,97;158,26;151,45;3,74;174,05;157,79;4,16;180,77;162,91;4,38;184,39;166,96;4,52;187,43;173,49;4,7;201,35;188,13;5,23;202,64;193,89;5,36;209,6;195,58;5,53;199,98;190,29;5,25;206,47;196,49;5,48;2,8;3,3;3,7;3,9;4,1;4,6;4,8;5,1;5,1;5,3;2,9;3,2;3,6;3,9;4,2;4,5;4,8;5,1
Pernambuco;Privada;96,2;85,3;95,2;96,9;96,4;96,4;0,94;96;97,4;93,6;96,6;96,8;96,9;0,96;96,7;95,2;96,5;97,2;97;96,7;0,97;96,9;96;97;97,3;97,1;96,9;0,97;96,8;96;97;97,2;97,2;96,9;0,97;97,2;96,2;97,3;97,3;97,6;97,5;0,97;97,9;97,3;97,9;98;98,2;98,1;0,98;98,3;97,7;98,3;98,2;98,7;98,5;0,98;98,4;97,9;98,4;98,5;98,6;98,8;0,98;99;98,6;99,1;99;99,3;99,3;0,99;217,55;204,38;5,83;216,22;200,42;5,74;222,51;205,84;5,96;220,84;201,91;5,85;232,67;217,21;6,36;229,14;224,16;6,42;233,12;227,52;6,56;236,45;225,06;6,57;226,2;221,33;6,31;242,73;233,45;6,85;5,5;5,5;5,8;5,7;6,2;6,2;6,4;6,5;6,2;6,8;5,5;5,8;6,2;6,4;6,6;6,8;7;7,2
Pernambuco;Estadual;80,7;-;88,5;69,5;89,1;79;0,81;80;91,8;78,8;67,7;93;77,5;0,81;85,1;95,8;92,7;74,6;94,4;81,5;0,87;86,9;91,5;95,3;76,6;96,2;83,1;0,88;86,7;89,5;90,5;76,6;95,3;83,8;0,87;86,9;90,2;92;78,6;93,2;84,7;0,87;86,3;88,1;87,6;80,1;92,2;84,9;0,86;85,8;84,9;87,7;81,1;88,7;86,7;0,86;85,4;89,7;87,1;81,3;85,4;84,5;0,86;89,4;91,4;92,5;86,8;91;85,8;0,89;162,71;151,47;3,83;177,01;161,42;4,28;185,35;166,09;4,53;191,89;172,81;4,77;193,77;180,48;4,95;204,95;194,86;5,42;207,76;204,27;5,65;215,7;207,08;5,85;224,35;215,34;6,17;241,86;236,93;6,89;3,1;3,5;3,9;4,2;4,3;4,7;4,9;5;5,3;6,2;3,2;3,5;3,9;4,2;4,5;4,8;5,1;5,4
Alagoas;Total (4);68,5;67,9;61,4;68;71,5;76,6;0,69;77,1;88,5;73,1;73,8;77,5;80,6;0,78;84,6;92,9;91,3;74,2;89,5;80,2;0,85;84,7;94,4;94,3;72,9;91,6;76,7;0,85;87,3;95,5;96;76,1;93,8;80,4;0,88;88,9;95,6;96,2;78,9;94,6;83,2;0,89;92,7;96,8;97,4;85,8;96,5;89,7;0,93;96,2;98,5;98,8;92;97,9;94,7;0,96;98,6;99,1;98,9;98,4;98,6;98;0,99;98,7;99,2;99,4;97,8;98,9;98,1;0,99;158,16;148,55;3,69;175,61;158,67;4,2;178,41;161,21;4,3;182,6;166,71;4,48;186,4;173,83;4,69;200,87;188,69;5,23;210,09;200,33;5,62;218,73;204,29;5,86;213,53;201,28;5,7;223,41;211,04;6,07;2,5;3,3;3,7;3,8;4,1;4,7;5,2;5,6;5,6;6;2,6;2,9;3,3;3,6;3,9;4,2;4,5;4,8
Alagoas;Pública (4);67,1;67,9;59,9;66,5;70;75,4;0,68;75,9;88,3;72;72,5;76,5;79,6;0,77;83,4;92,4;90,8;72,3;88,7;78,6;0,84;82,8;93,6;93,5;69,9;90,6;74,3;0,83;85,4;94,8;95,5;73,2;92,9;78,1;0,86;87,1;94,8;95,6;75,9;93,7;81,2;0,87;91,4;96,2;96,9;83,5;95,9;88,2;0,92;95,5;98,3;98,6;90,7;97,5;94;0,96;98,5;99,1;98,8;98,3;98,5;97,8;0,98;98,5;99,1;99,3;97,6;98,7;97,9;0,99;154,34;144,52;3,54;171,95;154,98;4,07;173,11;156,1;4,11;174,77;158,95;4,19;176,93;164,73;4,34;193,33;179,85;4,93;202,72;191,97;5,33;211,98;196,27;5,58;205,26;191,83;5,37;217,46;204,37;5,84;2,4;3,1;3,4;3,5;3,7;4,3;4,9;5,3;5,3;5,7;2,5;2,8;3,2;3,4;3,7;4;4,3;4,6
Alagoas;Privada;93,8;-;89,7;94;95,3;96,5;0,94;96,4;93,1;95,5;97,5;96,4;97,4;0,96;97,1;97,4;96,2;97;97,5;97,3;0,97;97,7;98,3;98,4;96,9;98,4;96,6;0,98;98;98,5;98,8;96,7;98,9;97,1;0,98;98,2;99;98,9;97,1;99,2;96,8;0,98;98,5;99;99,1;97,5;99,3;98;0,99;98,9;99,4;99,5;97,8;99,5;98,1;0,99;99,1;98,9;99,3;98,8;99,5;99,2;0,99;99,5;99,5;99,7;99,2;99,8;99;0,99;204,31;197,27;5,45;206,7;190,02;5,37;216,44;197,86;5,7;223,81;207,57;6,01;232,18;217,84;6,36;230,88;223,86;6,45;235,16;228,78;6,62;239,93;229,49;6,72;242,02;233,85;6,84;243,53;233,57;6,86;5,1;5,2;5,5;5,9;6,2;6,3;6,5;6,6;6,8;6,8;5,2;5,5;5,9;6,1;6,3;6,6;6,8;7
Alagoas;Estadual;73,7;73,7;72,8;68,3;74,8;79;0,74;79,5;84,1;79,8;72,4;81,6;82,3;0,8;78,4;84,2;85;67,7;86,4;74,4;0,79;78,9;87,5;86,9;68,8;88,4;72,9;0,8;82,2;88,8;91,2;70,1;92,4;78,2;0,83;83,3;87,5;90,7;73,6;89,5;80,4;0,84;91,8;94,3;94;86,1;96,2;90,6;0,92;95,1;96,5;98;90,4;97,9;94;0,95;96;96,9;95,2;96,3;96,5;95,2;0,96;98,4;98,6;98,6;97,5;98,5;98,7;0,98;163,86;154,76;3,91;174,07;156,87;4,14;174,4;157,34;4,16;176,77;161,57;4,28;177,63;166,75;4,39;192,48;181,24;4,94;200,36;192,81;5,3;206,74;195,3;5,47;198,51;187,37;5,16;208,34;198,81;5,56;2,9;3,3;3,3;3,4;3,7;4,1;4,9;5,2;5;5,5;2,9;3,3;3,7;4;4,3;4,6;4,9;5,2
Sergipe;Total (4);68,3;87,1;57,6;69,7;73,2;76,9;0,72;74,4;88,9;64,8;74;77,6;79,9;0,76;78;93,2;68,4;76,6;79,7;81,1;0,79;81,8;96,4;75,1;78,3;81,2;81,9;0,82;87,1;97,7;91;82,9;81,7;84,4;0,87;86,3;97,8;95;79,1;79,6;84,7;0,87;87,8;98,2;96,5;81,5;81;86,3;0,88;90,6;99;98;83,9;85,7;89,8;0,91;98,6;99,4;99,5;98,5;97,8;98;0,99;95,6;99,6;99,6;93,6;93,4;92,8;0,96;172,8;161,08;4,19;183,83;167,22;4,52;191,58;173,6;4,78;195,79;178,21;4,95;196,2;180,48;4,99;204,43;191,89;5,36;208,79;199,17;5,57;211,42;199,38;5,63;200,9;193,18;5,32;210,63;201,56;5,65;3;3,4;3,8;4,1;4,4;4,6;4,9;5,1;5,2;5,4;3,1;3,4;3,8;4,1;4,4;4,7;5;5,3
Sergipe;Pública (4);65,7;87,1;54,9;67,1;70,8;74,9;0,69;72;87,7;61,6;71,5;75,4;78;0,74;75,1;92,3;64,7;73,6;77;78,7;0,76;78,8;96,1;71,2;74,6;78,3;79,2;0,79;84,4;97,4;89,4;79,6;78,1;81,4;0,85;82,9;97,4;93,7;74,5;75,2;81,5;0,83;84,4;97,8;95,4;76,7;76,3;83;0,85;87,9;98,8;97,3;79,5;81,8;87,2;0,88;98,4;99,5;99,4;98,3;97,4;97,7;0,98;94,3;99,6;99,5;91,7;91,4;90,9;0,94;169,16;157,82;4,07;177,78;161,27;4,29;184,31;166,27;4,51;185,5;168,75;4,58;184,7;168,19;4,55;195,2;180,13;4,97;195,79;185,89;5,08;199,69;186,96;5,18;190,05;179,64;4,86;197,43;188,18;5,16;2,8;3,2;3,4;3,6;3,8;4,1;4,3;4,6;4,8;4,9;2,9;3,2;3,6;3,9;4,2;4,5;4,8;5,1
Sergipe;Privada;95,9;-;94,2;97,1;96,7;96;0,96;96,7;98,4;96,1;96,8;97,1;96,3;0,97;96,5;97,2;95,3;96,9;96,9;96,6;0,97;96,5;97,5;95,2;96,7;96,9;96,1;0,96;97,6;98,6;97,3;97,2;97,6;97,3;0,98;97,8;98,7;98,5;97;97,5;97,3;0,98;98,6;99,2;99,3;98,1;98,1;98;0,99;98,8;99,5;99,5;98,2;98,4;98,3;0,99;99,2;99,2;99,6;99,1;99,1;99;0,99;99,3;99,7;99,9;99,1;99;98,9;0,99;209,85;194,33;5,5;214,68;197,54;5,66;222,23;204,57;5,93;231,36;210,89;6,22;228,83;215,37;6,25;228,78;222,93;6,39;240,55;231,61;6,77;238,43;227,96;6,66;228,13;227,16;6,45;240,26;231,61;6,77;5,3;5,5;5,7;6;6,1;6,2;6,7;6,6;6,4;6,7;5,3;5,6;6;6,2;6,5;6,7;6,9;7,1
Sergipe;Estadual;73;-;62,9;73;76,6;81,1;0,73;77,1;87,4;66,7;76,4;80,5;80,5;0,78;80,4;94,3;72,4;79,6;80,5;81,6;0,81;83,1;96,1;74,9;81,7;85,1;82,9;0,84;85,8;97,6;97,6;75,3;82,8;85,5;0,87;83,6;97,3;97,6;71,5;78,5;84,7;0,85;87,7;98,8;99,3;76,9;84,3;88,3;0,89;90,6;99,3;99,4;81,7;87,3;91,6;0,91;99,3;99,7;99,6;99,5;99,1;99,1;0,99;97,4;99,7;99,8;99,8;95,3;95,1;0,98;169,89;162,39;4,16;179,65;163,81;4,37;186,13;167,84;4,57;188,92;172,82;4,72;188,59;172,64;4,71;198,13;184,62;5,11;202,87;193,36;5,36;205,98;194,45;5,44;198,42;189,2;5,2;203,95;194,91;5,4;3;3,4;3,7;3,9;4,1;4,3;4,7;5;5,2;5,3;3,1;3,4;3,8;4,1;4,4;4,7;5;5,3
Bahia;Total (4);66,9;72,2;60,1;65,6;69,8;74;0,68;74,9;84,1;69,4;73;75,4;79,7;0,76;79,1;90,3;75,2;74;79,5;81,9;0,8;84,8;94,8;86,9;77,7;83,1;84,2;0,85;86,7;96,2;93,4;78,6;84,1;85,1;0,87;87,2;96,5;95,1;78,4;83,6;85,9;0,87;89;97;96,4;81;85,9;88;0,89;91;97,9;96,9;83,7;88,4;90,4;0,91;95;98,1;97,3;93,8;92,8;93,8;0,95;94,5;98,7;98;90,9;92,9;92,4;0,94;166,51;154,78;3,96;183,63;168,24;4,53;190,21;173,34;4,75;196,38;179,47;4,98;194,54;180,07;4,96;204,86;194,34;5,41;210,23;203,31;5,68;215,17;204,29;5,79;205,79;199,47;5,52;209,18;200,57;5,61;2,7;3,4;3,8;4,2;4,3;4,7;5,1;5,3;5,3;5,3;2,8;3,1;3,5;3,8;4,1;4,4;4,7;5
Bahia;Pública (4);64,8;72,2;57,8;63,2;67,8;72,2;0,66;73,6;83,5;67,7;71,6;74,3;78,6;0,75;77,4;89,8;73,2;71,9;77,9;80,5;0,78;83,3;94,5;85,6;75,7;81,5;82,8;0,84;85;96,1;92,6;75,9;82,1;83,4;0,85;85,3;96,4;94,5;75,3;81,3;84,1;0,86;86,9;96,8;95,8;77,6;83,5;86;0,87;89,2;97,8;96,4;80,6;86,2;88,8;0,89;94,3;98;97;92,8;91,7;92,8;0,94;93,4;98,6;97,7;89,2;91,5;91,1;0,93;161,59;150,08;3,78;177,23;162,08;4,3;183,26;166,63;4,5;188,18;172,01;4,69;184,98;170,81;4,6;197,29;186,23;5,12;202,19;194,97;5,37;207,16;196,1;5,49;196,34;190,3;5,18;199,72;191,35;5,26;2,5;3,2;3,5;3,9;3,9;4,4;4,7;4,9;4,9;4,9;2,6;2,9;3,3;3,6;3,8;4,1;4,5;4,8
Bahia;Privada;95,8;94,4;95;96,2;96,1;96,1;0,96;97,2;95,3;96,6;97,7;97,6;97,3;0,97;97;96;96,3;97,3;97,4;97,4;0,97;97,2;96,9;97,1;97,5;97,3;97,2;0,97;97,3;96,9;97,3;97,5;97,5;97,3;0,97;97,5;97,2;97,9;97,7;97,4;97,3;0,97;98,2;97,8;98,4;98,3;98,2;98,2;0,98;98,5;98,2;98,6;98,4;98,5;98,6;0,98;99;98,5;99,1;99,2;99,2;99,2;0,99;99,1;99,1;99,2;99,1;99,2;99,1;0,99;217,1;203,06;5,8;224,89;207,98;6,04;232,99;214,59;6,32;238,72;218,01;6,49;235,91;220,14;6,47;232,8;224,29;6,49;237,14;231,26;6,7;239,73;229,38;6,72;237,67;230,4;6,69;240,26;230,88;6,75;5,5;5,9;6,1;6,3;6,3;6,3;6,6;6,6;6,6;6,7;5,6;5,9;6,2;6,5;6,7;6,9;7,1;7,3
Bahia;Estadual;65,3;-;55,4;62,4;68,4;71,1;0,64;65,3;47,7;54,8;63,2;70,2;72,5;0,6;69,7;80,2;59,8;65,9;72,3;74,6;0,7;77;91,8;93,8;70,2;74,1;74,9;0,8;84,8;95,7;94,3;78,5;82;84;0,86;79,4;94;95,3;71,8;74,3;77,9;0,81;82,7;93,6;96;71,6;80,6;84,2;0,84;86,3;98;98,8;76,1;82,9;82,1;0,87;96,9;95,7;96,7;97,5;96,2;98,3;0,97;86,5;94,3;96,7;80,2;83,4;81,1;0,87;167,35;160,01;4,07;178,62;162,88;4,34;186,17;169,76;4,61;189,06;171,84;4,7;188,22;171,7;4,68;200,49;188,57;5,22;212,65;205,13;5,76;216,17;201,86;5,76;219,32;219,38;6,14;217,77;208,1;5,91;2,6;2,6;3,2;3,8;4;4,3;4,9;5;6;5,1;2,7;3;3,4;3,7;4;4,3;4,6;4,9
Sudeste;Total;90,5;92,2;91;88;92,9;89,6;0,91;92,1;95,1;92,4;89,8;94,3;90,7;0,92;93,2;95,9;93,8;90,3;94,8;92,3;0,93;94,6;96,9;95,5;91,2;95,5;94;0,95;95,7;97,5;97;92,9;95,7;95,4;0,96;96,1;97,9;97,7;92,5;96,2;96,5;0,96;96,6;98,2;98;93;96,9;97;0,97;97,2;98,4;98,1;94,5;97,3;97,6;0,97;98,5;98,8;98,7;97,9;98,5;98,6;0,98;98,2;98,8;98,5;97,1;98,3;98,3;0,98;195,75;184,22;5,05;202,31;183,75;5,17;219,32;196,47;5,73;223,01;201,56;5,89;227,1;209,65;6,12;232,1;219,5;6,39;237,33;226,8;6,62;239,71;225,21;6,64;226,25;216,65;6,23;232,84;220,46;6,42;4,6;4,8;5,3;5,6;5,9;6,1;6,4;6,5;6,1;6,3;4,6;5;5,4;5,6;5,9;6,1;6,4;6,6
Sudeste;Pública;89,4;92,2;89,9;86,6;92,1;88,6;0,9;91,1;94,6;91,3;88,5;93,4;89,4;0,91;92,4;95,5;93;89,2;94,2;91,5;0,93;94;96,8;95;89,9;95;93,4;0,94;95,1;97,6;96,8;91,7;95,1;94,8;0,95;95,6;98;97,5;91,1;95,7;96,1;0,96;96,1;98,2;97,8;91,7;96,4;96,6;0,96;96,7;98,4;97,8;93,3;96,9;97,3;0,97;98,3;98,9;98,5;97,5;98,3;98,5;0,98;97,9;98,7;98,2;96,6;98;98;0,98;190,11;179,47;4,86;197,41;179;4,99;214,74;191,96;5,56;218,08;196,75;5,71;221,47;203,78;5,9;228,51;215,35;6,25;232,16;222,24;6,44;234,41;219,88;6,44;218,93;209,98;5,97;226,06;214,02;6,17;4,4;4,6;5,1;5,4;5,6;6;6,2;6,2;5,9;6;4,4;4,8;5,2;5,4;5,7;6;6,2;6,5
Sudeste;Privada (1);98;95,1;97,8;97,9;98,4;97,8;0,97;98,4;98,1;98,4;98,3;98,7;98,2;0,98;98,1;97,8;98,1;98,1;98,4;97,9;0,98;98;97,7;98;98,1;98,1;97,9;0,98;97,8;97,2;97,9;98,1;98,1;98;0,98;98,1;97,6;98,2;98,3;98,3;98,2;0,98;98,6;98,1;98,8;98,7;98,8;98,7;0,99;98,9;98,5;99,2;98,9;99;99;0,99;99,2;98,8;99,1;99,2;99,3;99,3;0,99;99,3;99,1;99,4;99,3;99,4;99,4;0,99;236,84;218,79;6,46;236,79;217,13;6,44;252,12;228,37;6,93;252,62;230,66;6,99;252,91;236,6;7,1;249,89;239,26;7,09;261,49;248,33;7,48;262,67;248,19;7,5;257,93;245,68;7,36;260,08;246,28;7,41;6,3;6,3;6,8;6,8;6,9;7;7,4;7,4;7,3;7,4;6,3;6,6;6,9;7,1;7,3;7,4;7,6;7,8
Sudeste;Estadual;92,4;95;94,2;90,6;95,9;88,8;0,93;93,3;95,7;95,5;92,3;96,6;89,1;0,94;95,8;97,9;98;94,8;97,8;92,8;0,96;97,3;98,7;98,8;96,8;98,3;94,8;0,97;98,4;98,9;99,1;98,6;98,8;96,8;0,98;98,5;99,1;99,4;96,4;98,9;98,7;0,98;98,7;99,2;99,4;96,7;99,2;99,1;0,99;99,1;99,4;99,5;97,9;99,4;99,3;0,99;98,8;98,4;98,8;98,7;98,9;99;0,99;99,2;99,1;99,4;98,9;99,4;99,3;0,99;190,33;180,48;4,88;196,79;179,2;4,98;215,93;192,33;5,59;217,61;196,2;5,69;224,18;206,58;6;233,81;219,18;6,42;235,93;225,36;6,57;239,08;222,94;6,59;223,97;214,25;6,14;227,47;215,86;6,24;4,5;4,7;5,4;5,5;5,9;6,3;6,5;6,5;6,1;6,2;4,6;4,9;5,3;5,6;5,8;6,1;6,3;6,6
Minas Gerais;Total (4);89,1;96,6;87,9;84,9;91,6;87,8;0,9;91,2;97;91,2;86,4;93;89,2;0,91;93,4;97,5;93,5;89,2;94,9;92,9;0,94;96,3;98,6;97,2;93,3;97,1;95,9;0,96;97,7;99,2;98,8;95,7;97,7;97,1;0,98;97,9;99,2;99,1;96,1;98;97;0,98;97,9;99,2;99,1;95,7;98,3;97,4;0,98;98,1;99,4;98,9;96,3;98,4;97,5;0,98;99;99,3;99,1;98,8;99,1;98,9;0,99;98,8;99,5;99;98,3;98,9;98,3;0,99;203,65;186,64;5,25;203,51;183,54;5,19;227,73;203;6,01;230,03;207,92;6,14;231,13;213,48;6,26;233,67;221,84;6,46;237,47;228,5;6,66;238,11;224,62;6,6;223,27;216,08;6,16;231,54;219,96;6,39;4,7;4,7;5,6;5,9;6,1;6,3;6,5;6,5;6,1;6,3;4,8;5,1;5,5;5,7;6;6,2;6,5;6,7
Minas Gerais;Pública (4);88,5;96,6;86,9;83,8;91;87;0,89;90,6;96,9;90,6;85,4;92,5;88,5;0,91;92,9;97,4;93;88,5;94,6;92,3;0,93;96;98,6;97;92,8;97;95,7;0,96;97,5;99,2;98,8;95,3;97,6;97;0,98;97,7;99,2;99,1;95,7;97,9;96,9;0,98;97,7;99,1;99;95,2;98,2;97,2;0,98;97,9;99,3;98,8;95,8;98,3;97,3;0,98;99;99,3;99;98,7;99;98,8;0,99;98,7;99,5;98,8;98,1;98,8;98,2;0,99;200,16;183,3;5,12;199,65;179,87;5,05;224,35;199,57;5,88;226,36;204,45;6,01;226,58;208,95;6,09;228,4;217,04;6,27;231,83;223,82;6,46;232,58;219,72;6,4;216,69;210,25;5,93;224,45;213,71;6,14;4,6;4,6;5,5;5,8;5,9;6,1;6,3;6,3;5,9;6,1;4,6;4,9;5,3;5,6;5,9;6,1;6,4;6,6
Minas Gerais;Privada;98,4;98,9;98,3;98,6;98,6;98,2;0,99;98,5;98,7;98,3;98,9;98,5;98,5;0,99;98,5;98,7;98,2;98,5;98,4;98,4;0,98;98,7;99;98,8;98,7;98,7;98,3;0,99;98,8;99,3;98,9;98,7;98,5;98,4;0,99;99;99,2;99,3;98,9;98,7;98,5;0,99;99,3;99,7;99,5;99,2;99,1;99;0,99;99,3;99,6;99,6;99,3;99;99,1;0,99;99,7;99,7;99,7;99,6;99,7;99,6;1;99,6;99,8;99,7;99,5;99,6;99,4;1;252,67;233,46;7,03;248,2;226,09;6,82;260,66;236,38;7,24;267,11;242,98;7,49;270,91;253,1;7,74;272,64;257,37;7,85;279,76;263,57;8,1;274,8;257,17;7,89;264,22;252,39;7,6;272,69;256,24;7,83;6,9;6,7;7,1;7,4;7,6;7,8;8;7,8;7,6;7,8;7;7,2;7,4;7,6;7,7;7,9;8;8,1
Minas Gerais;Estadual;91,5;96,8;94,3;87,3;95,5;87,2;0,92;93;97,2;95,9;88,7;96,3;88,6;0,93;96,7;98,7;98,9;94,3;98,1;94,5;0,97;98,6;99,3;99,3;98;99,2;97,6;0,99;99,3;99,5;99,4;99,4;99,4;99;0,99;99,3;99,5;99,5;99,3;99,4;98,7;0,99;99,4;99,6;99,6;99,4;99,5;99,2;0,99;99,5;99,7;99,6;99,5;99,6;99,3;1;99,4;99,4;99,4;99,5;99,5;99,3;0,99;99,7;99,7;99,7;99,8;99,7;99,4;1;206,91;186,8;5,31;204,46;185,51;5,24;227,75;202,66;6;227,53;206,07;6,06;230,42;213,49;6,25;230,92;220,54;6,39;232,69;225,61;6,51;234,02;222,59;6,48;218,4;213,78;6,02;227,21;217,79;6,27;4,9;4,9;5,8;6;6,2;6,3;6,5;6,5;6;6,2;5;5,3;5,7;5,9;6,2;6,4;6,6;6,8
Espírito Santo;Total (4);84,1;97,2;80,9;78,5;86,5;90;0,86;88,2;97,3;83,8;85,9;88,6;91,6;0,89;90,8;97,9;91,4;86,7;89,4;91,6;0,91;92,3;97,8;95,6;85,4;90,1;92,9;0,92;92,9;98,4;97;87,1;90,7;92,6;0,93;93;98,3;97,1;86,8;90,7;93,3;0,93;94,1;98,5;97,6;88,2;92,3;94,6;0,94;95,2;98,8;98;90,2;93,8;95,7;0,95;97,9;99,5;99;96,7;96,6;97,9;0,98;97,5;99,3;98,9;95,6;96,6;97,4;0,98;191,43;179,72;4,89;200,43;183,02;5,12;213,78;193,29;5,56;216,88;196,83;5,69;218,56;202,59;5,82;225,29;214,56;6,17;229,92;220,18;6,36;233,67;220,47;6,44;223,64;215,14;6,15;232,37;222,22;6,44;4,2;4,6;5,1;5,2;5,4;5,7;6;6,1;6;6,3;4,3;4,6;5;5,3;5,6;5,8;6,1;6,3
Espírito Santo;Pública (4);82,4;97,2;78,7;76,2;85;88,9;0,85;87;97,2;82,2;84,4;87,4;90,7;0,88;89,8;97,7;90,5;85,4;88,3;90,7;0,9;91,4;97,6;95,1;83,8;89;92,2;0,91;92,1;98,2;96,6;85,7;89,7;91,8;0,92;92,1;98,1;96,7;85,2;89,6;92,6;0,92;93,3;98,3;97,3;86,7;91,3;94;0,93;94,5;98,6;97,6;88,9;93;95,1;0,95;97,6;99,4;98,8;96,2;96,2;97,7;0,98;97,2;99,2;98,7;95;96,1;97,1;0,97;185,32;173,96;4,67;195,19;178,25;4,93;207,74;187,77;5,35;210,88;191,95;5,48;212,17;196,54;5,59;218,86;208,74;5,94;223,16;214,41;6,13;228,27;215,46;6,24;217,48;209,88;5,94;226,28;216,98;6,23;3,9;4,3;4,8;5;5,2;5,5;5,7;5,9;5,8;6,1;4;4,4;4,8;5;5,3;5,6;5,9;6,1
Espírito Santo;Privada;98,6;-;98;99;99;98,8;0,99;98,7;98,3;98,4;99;98,8;99;0,99;98,7;98,8;98,6;98,8;98,9;98,4;0,99;99,1;99,5;99,3;99,2;99;98,7;0,99;99,1;99,6;99,6;98,7;98,8;98,5;0,99;99,2;99,8;99,8;98,7;99,1;98,7;0,99;99,4;99,9;99,9;99;99,1;98,9;0,99;99,6;99,9;99,9;99,5;99,5;99,2;1;99,7;99,9;99,9;99,7;99,6;99,5;1;99,8;100;99,9;99,7;99,8;99,7;1;232,93;218,82;6,39;234,68;214,23;6,34;255,16;231,13;7,04;260,05;231,98;7,15;260,46;242,28;7,35;266,31;251,71;7,63;273,18;257,06;7,86;266,31;250,75;7,61;261,2;247,25;7,45;266,16;251,35;7,62;6,3;6,3;7;7,1;7,3;7,6;7,8;7,6;7,4;7,6;6,4;6,6;6,9;7,1;7,3;7,5;7,6;7,8
Espírito Santo;Estadual;78,3;-;75,5;69,9;82,6;87,4;0,78;83,8;-;78;81,9;85,8;89,8;0,84;91,3;97;95,7;87,3;89,8;91,9;0,92;92,7;97,5;98,2;85,1;90,2;93,6;0,93;93,9;98,5;98,7;88,6;92;93,5;0,94;93,3;98,2;98,7;87,2;91,5;93,5;0,94;95;98,3;98,8;89,9;94,2;95,4;0,95;95,9;98,7;99,1;92,1;94,6;96;0,96;97,6;99,2;99,1;96,1;96,2;97,8;0,98;99,2;99,7;99,8;98,6;98,9;99,2;0,99;184,85;178,98;4,75;194,52;178,05;4,92;210,73;188,78;5,42;207,66;189,58;5,38;212,05;197,3;5,6;217,34;209,33;5,92;222,8;216,28;6,15;228,65;218,23;6,3;225,05;216,15;6,19;232,81;223,19;6,47;3,7;4,1;5;5;5,3;5,5;5,9;6,1;6;6,4;3,8;4,1;4,5;4,8;5,1;5,4;5,7;5,9
Rio de Janeiro;Total (4);84,8;86,6;87,5;79,1;86;85,7;0,85;86,8;88,2;87,4;81,1;89,4;88,2;0,87;86,3;88,3;87,2;81,1;88,1;87,2;0,86;88,2;89,4;89,3;83,6;88,6;90,3;0,88;90;91,4;92,9;85;89,4;92;0,9;90,7;92,9;94,1;84,8;90;92,6;0,91;91,6;93,6;94,7;86;91;93,4;0,92;92,9;94,5;94,8;88,5;92,5;94,7;0,93;96,7;97,1;96,9;96;96,4;97,3;0,97;95,1;96;95,5;93,2;95;96;0,95;196,41;183,23;5,05;199,54;183,17;5,11;210,9;192,17;5,49;221,04;200,57;5,83;217,77;202,72;5,81;221,53;212,16;6,05;228,77;218,85;6,31;228,83;217,42;6,29;216,61;208,2;5,89;226,89;216,34;6,23;4,3;4,4;4,7;5,1;5,2;5,5;5,8;5,8;5,7;5,9;4,4;4,7;5,1;5,4;5,6;5,9;6,1;6,4
Rio de Janeiro;Pública (4);82,3;86,1;85,1;75,2;83,5;83,2;0,82;85,4;87,4;86;79;88,4;86,9;0,85;84;86,9;85;77,9;86,2;85,1;0,84;86,1;88,1;87,2;80,5;86,7;88,7;0,86;87,4;90,6;91,1;80,2;86,4;90,1;0,87;88,2;92,6;92,7;80;87,1;90,8;0,88;89,2;93,2;93,5;81,3;88;91,6;0,89;90,9;94,1;93,2;84,6;90,2;93,2;0,91;96,2;97,4;96,5;95;95,5;96,8;0,96;93,7;95,5;94,2;90,9;93,4;94,8;0,94;190,73;177,6;4,84;192,79;176,62;4,86;205,01;186,73;5,28;213,58;192,3;5,54;211,94;195,93;5,58;216,6;205,71;5,84;217,81;209,96;5,94;219,72;208,24;5,95;205,36;196,97;5,47;215,63;205,63;5,82;4;4,1;4,4;4,8;4,9;5,2;5,3;5,4;5,3;5,5;4,1;4,4;4,8;5,1;5,4;5,6;5,9;6,2
Rio de Janeiro;Privada;96,9;94,7;96,8;97,4;97;96,8;0,97;97;94,5;97,4;98;97,3;97,2;0,97;96,6;94,3;97,1;97,3;97,2;96,9;0,97;96,3;93,6;97,1;97,1;96,9;96,8;0,96;96,1;93;96,9;97,1;97;96,8;0,96;96,4;93,5;96,9;97,4;97,2;97,1;0,96;97;94,5;97,3;97,7;97,9;97,9;0,97;97,6;95,4;97,9;98,2;98,3;98,4;0,98;98;96,4;97,8;98,5;98,7;98,7;0,98;98,5;97,1;98,4;98,9;99;99;0,98;220,24;206,84;5,93;226,94;209,76;6,11;229,61;209,47;6,16;240,16;221,9;6,59;231,58;218,8;6,37;231,8;225,62;6,5;252,25;237,9;7,11;247,64;236,37;6,99;243,99;235,53;6,91;252,44;240,66;7,16;5,7;5,9;5,9;6,3;6,1;6,3;6,9;6,8;6,8;7,1;5,8;6,1;6,4;6,6;6,8;7;7,2;7,4
Rio de Janeiro;Estadual;81,5;88,7;88,2;69,7;91;77,4;0,82;80,2;86,7;87,8;67;90,8;76,4;0,81;79,3;88,1;89,3;66,4;91,2;74,8;0,81;83,9;84;91,4;76,3;92,7;80,6;0,85;88,2;86,3;81,3;86,8;94,2;86,4;0,87;86;91,2;88,4;85,4;80,7;87;0,86;79;79,4;76,8;75,8;78,4;84,2;0,79;89,9;95,9;89,3;87,4;88,8;89,3;0,9;91,1;86,5;92,1;90,3;90,6;95,2;0,91;97;98,4;98,5;97,9;95,4;94,8;0,97;177,95;173,76;4,52;188,7;172,44;4,7;195,72;177,4;4,93;202,93;180,19;5,12;208,96;192,12;5,45;217,17;207,54;5,89;215,54;217,34;6,03;220,02;213,58;6,05;212,37;208,1;5,81;218,61;212,52;6,01;3,7;3,8;4;4,3;4,7;5,1;4,8;5,4;5,3;5,8;3,8;4,1;4,5;4,8;5,1;5,4;5,7;5,9
São Paulo;Total (4);94,5;98,7;94,7;94,3;96,9;92;0,95;95;98,7;95,6;94,5;97,2;92,1;0,96;95,9;98,7;96,4;94,8;97,6;93,7;0,96;96,4;98,7;97,1;94,1;97,6;94,4;0,96;97,3;98,9;97,8;95,4;97,9;96,2;0,97;97,6;99;98,2;94,4;98,3;98;0,98;98;99,3;98,8;95,1;98,7;98,4;0,98;98,5;99,4;98,9;96,3;99;98,8;0,98;98,9;99,2;99,1;98,3;99,2;99,1;0,99;99,1;99,5;99,3;98,2;99,3;99,1;0,99;191,81;183,7;4,97;204,02;185,41;5,23;220,55;196,79;5,76;221,69;200,12;5,84;230,85;212,39;6,24;236,93;222,55;6,54;241,88;230,38;6,77;245,51;229,37;6,83;231,98;220,84;6,41;236,09;222,53;6,52;4,7;5;5,5;5,6;6,1;6,4;6,6;6,7;6,3;6,5;4,8;5,1;5,5;5,8;6;6,3;6,5;6,7
São Paulo;Pública (4);93,9;98,7;94,2;93,8;96,6;91,3;0,95;93,9;98,4;94,6;93,4;96,4;90,7;0,95;95,5;98,6;96;94,2;97,3;93,1;0,96;96;98,7;96,8;93,1;97,5;93,8;0,96;96,9;98,8;97,7;94,8;97,7;95,6;0,97;97,3;99;98,1;93,4;98,2;97,8;0,97;97,7;99,2;98,6;94,1;98,6;98,2;0,98;98,2;99,3;98,7;95,6;98,9;98,7;0,98;98,8;99,1;99;98;99,1;99;0,99;98,9;99,4;99,2;97,9;99,2;99;0,99;184,83;178,45;4,74;198,85;180,48;5,04;214,19;190,73;5,52;215,82;194,57;5,63;222,95;204,37;5,94;233,03;218,09;6,38;237,32;225,82;6,6;240,03;223,7;6,62;224,29;213,94;6,14;229,81;216,36;6,29;4,5;4,8;5,3;5,4;5,8;6,2;6,5;6,5;6,1;6,2;4,6;4,9;5,3;5,6;5,8;6,1;6,3;6,6
São Paulo;Privada;98,3;100;98,3;97,9;99;98,1;0,99;98,7;99,1;98,6;98,2;99,2;98,4;0,99;98,5;98,9;98,5;98,3;98,9;98,2;0,99;98,4;98,9;98,1;98,3;98,5;98,3;0,98;98,6;99;98,1;98,4;98,7;98,6;0,99;98,8;99,3;98,6;98,6;98,7;98,7;0,99;99,2;99,6;99,3;99;99,1;99,1;0,99;99,4;99,8;99,6;99,1;99,3;99,2;0,99;99,5;99,8;99,5;99,4;99,5;99,5;1;99,6;99,9;99,8;99,4;99,5;99,5;1;242,57;221,78;6,63;239,29;219;6,52;262,9;237,18;7,3;256,32;232,9;7,1;261,28;243,29;7,38;254,12;242,2;7,22;261,47;249,98;7,51;267,67;252,25;7,67;263,45;249,05;7,53;259,94;245,99;7,4;6,5;6,4;7,2;7;7,3;7,1;7,4;7,6;7,5;7,4;6,6;6,8;7,1;7,3;7,5;7,6;7,8;7,9
São Paulo;Estadual;95,7;-;96,3;97,7;97,8;91,6;0,96;95,9;95,5;97;97,9;98,1;91,1;0,96;97,2;99,2;98,2;98,8;98,8;94;0,98;97,5;98,6;98,8;98,5;98,6;94,4;0,98;98,3;98,6;99;99;98,9;95,6;0,98;98,4;99;99,4;95,3;99,3;99,2;0,98;98,5;99,1;99,4;95,6;99,4;99,3;0,99;99;99,2;99,5;97,4;99,5;99,6;0,99;98,5;97,9;98,5;98,5;98,7;98,9;0,98;99;98,9;99,2;98,6;99,3;99,2;0,99;182,79;177,86;4,69;193,76;176,71;4,88;212,9;189,35;5,47;213,2;191,77;5,52;220,13;201,69;5,84;236,6;219,03;6,47;238,8;225,8;6,63;242,56;223,41;6,66;226,9;214,44;6,2;227,45;214,81;6,22;4,5;4,7;5,4;5,4;5,7;6,4;6,5;6,6;6,1;6,2;4,6;4,9;5,3;5,5;5,8;6,1;6,3;6,6
Sul;Total;87,8;96;83,4;86,7;90,4;90,2;0,89;91;98,1;87,5;88,4;92;92,2;0,91;92,5;98,3;88,5;90,1;92,7;93,1;0,92;93,8;98,7;91,6;91,1;94,2;93,9;0,94;94,4;98,8;96;89,7;94,1;94;0,94;94,5;98,8;96,4;90;93,8;94,1;0,95;94,7;98,8;96,5;89,9;94,2;94,6;0,95;95,4;98,9;96,8;91,2;94,9;95,3;0,95;97,8;99,3;97,7;96,4;97,4;98,1;0,98;97,1;99,2;97,5;95,3;96,7;96,5;0,97;194,86;181,08;4,98;203,46;184,27;5,2;214,35;191,74;5,55;221,12;199,39;5,81;227,43;209,32;6,12;231,26;218,27;6,35;235,79;224,63;6,55;238,87;225,21;6,62;228,85;219,85;6,33;236,38;224,29;6,56;4,4;4,8;5,1;5,5;5,8;6;6,2;6,3;6,2;6,4;4,5;4,8;5,2;5,5;5,8;6;6,3;6,5
Sul;Pública;87;96;82,2;85,6;89,7;89,5;0,88;90,3;98,1;86,3;87,6;91,5;91,8;0,91;91,9;98,2;87,6;89,5;92;92,6;0,92;93,2;98,6;90,8;90,2;93,7;93,5;0,93;93,8;98,7;95,6;88,5;93,5;93,5;0,94;93,8;98,7;96,1;88,7;93,1;93,5;0,94;94;98,7;96,1;88,6;93,5;94;0,94;94,8;98,8;96,5;90;94,2;94,8;0,95;97,5;99,2;97,5;96;97,1;98;0,98;96,6;99,1;97,1;94,6;96,3;96,1;0,97;191,39;177,7;4,85;200,42;181,22;5,09;212,31;189,72;5,47;218,84;197,62;5,74;224,29;206,22;6;227,89;214,81;6,22;232,02;221,6;6,43;235,29;222,29;6,5;223,97;215,54;6,16;231,19;219,87;6,38;4,3;4,6;5;5,4;5,6;5,8;6;6,2;6;6,2;4,3;4,7;5,1;5,4;5,6;5,9;6,1;6,4
Sul;Privada (1);97,5;91,5;96,3;97,9;98;98;0,96;98,1;99,1;97,3;98;98,5;98,3;0,98;98,2;99,1;97,3;98,1;98,4;98,2;0,98;98,4;99,1;97,4;98,4;98,7;98,1;0,98;98,5;99,3;98;98,4;98,5;98,4;0,99;98,7;99,2;98,4;98,5;98,8;98,7;0,99;99;99,4;98,9;98,6;99,1;99;0,99;99,1;99,4;98,9;98,8;99,2;99;0,99;99,1;99,4;98,9;98,8;99,1;99,2;0,99;99,4;99,6;99,5;99,2;99,4;99,4;0,99;233,73;218,98;6,41;236,7;217,61;6,44;248,45;226,68;6,83;257,42;231,13;7,09;260,49;242,64;7,35;261,26;247,55;7,46;265,17;249,88;7,57;264,23;246,7;7,5;260,87;248,93;7,48;267,72;251,51;7,65;6,2;6,3;6,7;7;7,2;7,4;7,5;7,4;7,4;7,6;6,2;6,5;6,8;7;7,2;7,4;7,5;7,7
Sul;Estadual;86,3;79;79,3;88;89,5;88,3;0,85;89,4;98,1;82;88,4;90,9;89,8;0,9;90,9;98,3;86,9;89;90;91,1;0,91;92,9;99;90,6;90;93,6;92,8;0,93;93,1;99,3;99,2;86,6;92,8;91;0,94;92,5;99,3;99,4;85,8;91;90;0,93;92,6;99,1;99,3;85,4;91,9;90,6;0,93;93,1;99;99,2;85,7;92,8;90,9;0,93;98,5;99,1;98,7;98,4;98,1;98,1;0,98;95,3;99,1;96,1;93,9;95,6;92,5;0,95;194,37;182,42;4,99;200,54;182,67;5,12;209,03;188,69;5,39;217,82;199,32;5,75;222,08;205,81;5,95;222,61;212,56;6,08;225,64;217,77;6,24;227,25;218,04;6,27;219,87;214,33;6,06;222,08;212,91;6,08;4,2;4,6;4,9;5,4;5,6;5,6;5,8;5,8;6;5,8;4,3;4,6;5;5,3;5,6;5,8;6,1;6,3
Paraná;Total (4);88,1;96,5;86,3;83,7;90,7;91,1;0,89;91,8;98,3;91,2;86,4;93;94,3;0,92;94,1;97,7;90,8;90,9;94,5;95,8;0,94;94;98;91,2;90,6;95,2;96,2;0,94;94,6;98,1;93;90,4;95,3;96,7;0,95;95,3;98,2;93,5;91,6;95,8;97,7;0,95;95,3;98,3;93,6;91,2;95,8;97,8;0,95;96,2;98,4;94,4;93,3;96,6;98,6;0,96;97,4;99,1;96,1;95,5;97,6;98,9;0,97;97,9;99;96,5;96,9;98,2;99,2;0,98;201,96;182,82;5,15;208,35;187,76;5,36;222,68;197,25;5,81;225,84;201,36;5,94;232,67;212,68;6,28;237,4;222,15;6,54;243,07;229,29;6,78;245,47;228,18;6,8;231,49;220,42;6,4;243,96;229,75;6,8;4,6;5;5,4;5,6;5,9;6,2;6,5;6,5;6,2;6,7;4,7;5;5,4;5,6;5,9;6,2;6,4;6,6
Paraná;Pública (4);87,2;96,5;85,3;82,5;89,9;90,4;0,89;91,1;98,3;90,4;85,4;92,5;93,9;0,92;93,5;97,6;90;90;94;95,5;0,93;93,4;97,9;90,3;89,6;94,7;95,9;0,94;94;98;92,2;89,1;94,8;96,4;0,94;94,7;98,1;92,8;90,5;95,3;97,5;0,95;94,7;98,2;92,8;90;95,2;97,6;0,95;95,8;98,3;93,7;92,4;96,2;98,5;0,96;97,2;99,1;95,8;95,1;97,4;98,8;0,97;97,7;98,9;96;96,5;98;99,1;0,98;198,6;179,12;5,02;205,2;184,62;5,24;219,26;193,81;5,68;221,64;197,6;5,79;228,84;208,58;6,13;233,96;218,45;6,41;239,56;226,39;6,66;243,3;226,23;6,73;227,22;216,45;6,24;239,94;225,91;6,66;4,4;4,8;5,3;5,4;5,8;6,1;6,3;6,4;6,1;6,5;4,5;4,8;5,2;5,5;5,8;6;6,3;6,5
Paraná;Privada;97,9;-;96,8;98;98,4;98,3;0,98;98,5;99;98,1;98,2;98,7;98,7;0,99;98,5;98,7;97,8;98,3;98,8;98,8;0,98;98,4;98,7;97,4;98,4;99,1;98,5;0,98;98,5;98,9;97,7;98,5;98,7;98,8;0,99;98,5;98,6;97,8;98,5;98,9;99;0,99;98,8;99;98;98,7;99,1;99,2;0,99;98,9;99;98;98,8;99,3;99,3;0,99;98,7;98,9;98;98,6;99;99,1;0,99;99,3;99,4;99,2;99,1;99,4;99,5;0,99;239,07;223,78;6,6;240,31;219,64;6,55;253,37;228,17;6,95;259,06;231,06;7,12;259,27;241,13;7,3;257,53;243,87;7,32;263,84;246,45;7,49;257,67;239,15;7,24;256,46;243,62;7,29;266,66;251,42;7,63;6,5;6,5;6,8;7;7,2;7,2;7,4;7,2;7,2;7,6;6,5;6,7;7;7,2;7,4;7,6;7,7;7,9
Paraná;Estadual;91;-;91,8;89,3;95,7;87,9;0,91;93,9;-;96,3;92,5;98,1;90,2;0,94;93,6;81;94,3;95,1;96,7;90,5;0,91;89,5;87,4;86,9;87,4;93,8;88,3;0,89;88,7;90,2;90,9;87,8;90,5;84,6;0,89;88,9;92,1;88,4;87,9;90;86,4;0,89;88,6;89,6;91,3;88,9;85,1;88,2;0,89;89,8;90;89,6;89,8;91,7;88;0,9;96,4;98,7;96,5;94,3;97,6;94,9;0,96;96,2;96,9;96,2;96,4;95,7;95,9;0,96;208,33;193,76;5,47;211,24;190,9;5,47;219,36;196,98;5,74;222,93;200,01;5,86;255,14;226,79;6,96;245,54;238,28;6,99;252,66;236,1;7,08;264,89;251,17;7,59;257,46;245,53;7,35;261,71;244,84;7,42;5;5,2;5,2;5,2;6,2;6,2;6,3;6,8;7,1;7,1;5;5,4;5,7;6;6,2;6,5;6,7;6,9
Santa Catarina;Total (4);90,3;97,7;85,3;90,6;92,2;92,8;0,92;93,3;97,7;90,2;90,6;93,5;94,1;0,93;95,2;98,9;95,4;92,9;94,5;94,9;0,95;96,6;99,2;96,5;93,1;97,1;97,1;0,97;96,3;99,4;97,5;93,5;97;94,4;0,96;96,5;99,2;97,6;93,4;97,2;95,2;0,96;96,5;99,2;97,7;93,3;97,5;95,5;0,97;96,5;99;97,1;93,7;97,5;95,4;0,97;98,2;99,1;97,9;97,5;98,2;98,4;0,98;97,5;99,1;96,3;97,9;98,1;96,3;0,98;189,97;179,34;4,85;203,71;184,76;5,22;212,31;190,87;5,49;226;204,9;6,01;230,83;213,67;6,26;236,58;224,03;6,56;239,26;229,6;6,71;240,36;227,86;6,7;235,13;225,88;6,56;236,74;225,81;6,59;4,4;4,9;5,2;5,8;6;6,3;6,5;6,5;6,4;6,4;4,5;4,8;5,2;5,5;5,8;6;6,3;6,5
Santa Catarina;Pública (4);89,6;97,7;84,3;89,8;91,5;92,3;0,91;92,9;97,7;88,8;90,1;93,1;93,7;0,93;94,9;98,9;95;92,4;93,6;94,6;0,95;96,3;99,2;96,3;92,5;96,9;96,9;0,96;95,9;99,3;97,3;92,8;96,8;93,9;0,96;96,1;99,1;97,4;92,6;96,9;94,7;0,96;96,1;99,1;97,4;92,4;97,1;95;0,96;96;98,9;96,7;92,8;97,2;94,8;0,96;98;99;97,6;97,3;98;98,2;0,98;97,1;99;95,7;97,6;97,8;95,8;0,97;186,18;176,18;4,72;199,82;181,14;5,08;208,21;187,04;5,34;222,84;202,18;5,9;226,6;209,69;6,11;232,19;219,8;6,4;234,28;225,48;6,54;235,07;223,7;6,52;228,96;220,76;6,35;230,46;220,2;6,37;4,3;4,7;5,1;5,7;5,9;6,1;6,3;6,3;6,2;6,2;4,4;4,7;5,1;5,4;5,6;5,9;6,2;6,4
Santa Catarina;Privada;99;100;98,2;99,3;99,2;99,2;0,99;98,8;98,9;97,9;98,6;99,2;99,2;0,99;99;99,2;98,8;99;99,2;98,9;0,99;98,9;99,1;98,6;99,1;99,1;98,9;0,99;99,2;99,5;99,2;99,3;99,1;98,9;0,99;99,3;99,5;99,3;99;99,4;99,2;0,99;99,4;99,5;99,3;99,3;99,6;99,4;0,99;99,4;99,5;99,3;99,5;99,4;99,4;0,99;99,4;99,6;99,2;99,1;99,6;99,5;0,99;99,6;99,7;99,5;99,6;99,7;99,6;1;237,2;218,66;6,47;244,71;222,93;6,69;258,32;233,83;7,15;259,86;234,14;7,19;265,41;246,16;7,51;268,23;254,56;7,72;271,99;256,73;7,83;272,99;253,51;7,79;270,69;255,46;7,78;272,66;257,87;7,86;6,4;6,6;7,1;7,1;7,5;7,7;7,8;7,7;7,7;7,8;6,5;6,7;7;7,2;7,4;7,5;7,7;7,8
Santa Catarina;Estadual;88,9;-;82,9;89,9;91;91,5;0,89;92,9;98,5;94,9;88,5;93;93,2;0,94;95,8;99,2;99,4;92,2;94,2;94,9;0,96;97,4;99,2;99,4;91;99,1;98,7;0,97;95,2;99,3;99,3;90,1;99,3;91,2;0,96;95,4;98,8;99,2;89,6;99,2;92;0,96;95,3;98,7;98,9;89,3;99,3;92,3;0,96;94,6;98,5;98,8;87,9;99,1;90,7;0,95;98,6;98,8;98,4;98,7;98,7;98,4;0,99;95,2;98,3;90,2;99;98,7;91,1;0,95;188,6;179,72;4,84;198,37;180,4;5,03;203,56;184,19;5,2;221,15;202,04;5,86;221,13;204,88;5,91;226,23;215,78;6,21;227,59;219,85;6,31;226,47;216,96;6,24;224,55;217,98;6,22;222,46;213,25;6,09;4,3;4,7;5;5,7;5,7;5,9;6;5,9;6,1;5,8;4,4;4,7;5,1;5,4;5,6;5,9;6,2;6,4
R. G. do Sul;Total (4);86,1;94,1;79,6;87,7;89,1;87,8;0,87;89;98,2;82,8;89,1;90,3;89,2;0,9;89,4;98,5;83,1;87,1;90,1;89,2;0,89;91,8;99;89,4;90,4;91,7;88,7;0,92;93;99,3;98,3;87;91,3;91,1;0,93;92,4;99,3;99,1;86,2;89,8;90,3;0,93;92,9;99,2;99,2;86,4;90,4;90,7;0,93;93,7;99,4;99,4;87,4;91,4;91,7;0,94;97,8;99,6;99,3;96,5;96,6;97,2;0,98;95,8;99,6;99,6;91,8;94,2;93,9;0,96;190,41;180,31;4,88;200,73;183,03;5,13;211,16;191,03;5,47;214,07;195,45;5,61;222,89;206,39;5,98;224,66;213,17;6,13;227,75;218,66;6,29;232,18;221,84;6,43;223,05;216,69;6,17;229,02;218,4;6,31;4,3;4,6;4,9;5,1;5,6;5,7;5,8;6;6;6;4,3;4,7;5,1;5,3;5,6;5,9;6,1;6,4
R. G. do Sul;Pública (4);85,2;94,1;78,2;86,8;88,3;87,1;0,87;88,3;98,2;81,4;88,2;89,7;88,5;0,89;88,6;98,4;81,8;86,7;89,2;88,4;0,89;91,1;99;88,5;89,6;91;88,4;0,91;92,3;99,2;98,4;85,7;90,5;90,4;0,93;91,5;99,2;99,2;84,6;88,7;89,3;0,92;91,9;99,1;99,1;84,6;89,2;89,6;0,92;92,8;99,4;99,4;85,7;90,3;90,7;0,93;97,6;99,5;99,3;96,1;96,2;96,9;0,98;95,1;99,5;99,5;90,7;93,3;93,1;0,95;187,04;177,14;4,76;197,77;179,89;5,01;208,04;187,53;5,35;212,34;193,9;5,55;218,15;201,67;5,8;219,47;208,29;5,94;222,36;213,84;6,1;226,35;216,82;6,23;216,81;210,86;5,94;222,05;212,91;6,08;4,1;4,5;4,7;5,1;5,4;5,5;5,6;5,8;5,8;5,8;4,2;4,5;4,9;5,2;5,5;5,7;6;6,3
R. G. do Sul;Privada;96,5;86,7;94,9;97;97,1;97;0,94;97,4;99,1;96,1;97,7;97,9;97,5;0,98;97,5;99,6;96;95,9;97,7;97,1;0,97;98;99,6;96,9;97,9;98;96,1;0,98;98,1;99,7;97,7;97,7;97,9;97,7;0,98;98,6;99,8;98,5;98,1;98,3;98;0,99;99;99,8;99,7;98,1;98,8;98,4;0,99;99,1;99,9;99,7;98,3;98,9;98,5;0,99;99,3;99,8;99,7;98,8;99;99,2;0,99;99,4;99,8;99,9;98,9;99,2;99,1;0,99;226,59;214,33;6,19;229,02;212,97;6,21;238,18;221,39;6,54;249,22;227,08;6,86;259,2;242,53;7,33;261,37;247,64;7,46;262,34;249,5;7,51;265,98;250,96;7,61;258,91;250,21;7,46;265,26;246,96;7,52;5,8;6,1;6,4;6,7;7,2;7,4;7,4;7,5;7,4;7,5;5,9;6,2;6,5;6,7;6,9;7,1;7,3;7,5
R. G. do Sul;Estadual;84,4;79;76,4;86,9;88;86,8;0,83;87,5;97,7;80,6;88,1;89,2;88,1;0,88;88,4;98;81,3;85,4;89,1;88,8;0,88;90,6;99;87,3;89,5;90,7;87,4;0,91;92,2;99,4;99,3;85,1;90,2;90,9;0,93;91,2;99,6;99,6;84,1;87,8;89,1;0,92;91,4;99,4;99,5;83,4;88,3;89,8;0,92;92,3;99,4;99,5;84,5;89,8;91;0,92;98,4;99,3;98,9;98,3;97,7;98,1;0,98;95,3;99,6;99,6;91,2;93,8;93,3;0,95;195,6;182,38;5,02;200,49;182,96;5,12;211,72;191,14;5,48;214,2;196,62;5,63;222,43;206,2;5,96;220,8;210,93;6,02;224,53;216,63;6,19;227,58;218,55;6,29;217,17;212,22;5,97;221,69;212,58;6,07;4,2;4,5;4,8;5,1;5,5;5,5;5,7;5,8;5,9;5,8;4,2;4,6;5;5,3;5,5;5,8;6,1;6,3
Centro-Oeste;Total;83,8;90,8;78,8;82,2;85,7;87;0,85;89;95,2;85,8;86,1;89,1;90,9;0,89;90,9;96,7;87,7;87,6;90,6;92,6;0,91;92,8;98,1;91,4;89,4;92;93,7;0,93;94,7;98,7;94,8;91,8;93,7;95,3;0,95;94,8;98,7;95,5;91,6;93,6;95;0,95;95,5;98,9;96,2;92,4;94,6;95,7;0,96;96;99;96,3;92,9;95,8;96,4;0,96;97,3;99,2;97,8;95;97,2;97,4;0,97;97,4;99,3;97,8;95,5;97,2;97,4;0,97;186,59;175,7;4,72;196,08;179,51;4,97;208,55;190,07;5,4;215,93;197,79;5,69;218,35;202,92;5,83;221,31;212,1;6,05;226,42;218,51;6,26;229,27;218,03;6,31;219;212,03;6;226,67;216,85;6,24;4;4,4;4,9;5,3;5,5;5,7;6;6,1;5,8;6,1;4,1;4,4;4,8;5,1;5,4;5,6;5,9;6,2
Centro-Oeste;Pública;82,1;90,7;76,5;80,2;84,1;85,5;0,83;87,8;94,8;84,2;84,6;88;90;0,88;89,7;96,5;86,1;85,9;89,4;91,7;0,9;91,7;97,9;90,1;87,8;90,9;92,9;0,92;93,9;98,6;93,9;90,4;92,8;94,7;0,94;93,9;98,6;94,7;90,1;92,5;94,2;0,94;94,7;98,8;95,4;91;93,8;95;0,95;95,3;98,8;95,6;91,5;95;95,8;0,95;96,9;99,1;97,5;94,1;96,8;97;0,97;96,9;99,2;97,4;94,7;96,7;96,9;0,97;180,89;170,36;4,51;191,81;175,29;4,82;205,88;187,35;5,3;211,87;194,08;5,54;214,53;198,96;5,68;216,18;207,38;5,87;222,14;214,92;6,12;225,09;214,04;6,16;212,79;206,57;5,79;221,15;212,03;6,04;3,8;4,2;4,8;5,1;5,3;5,5;5,8;5,9;5,6;5,9;3,8;4,2;4,6;4,9;5,1;5,4;5,7;6
Centro-Oeste;Privada (1);97,3;97,3;96,6;97,4;97,6;97,3;0,97;97,9;97,2;97,9;98,3;98,3;98;0,98;98,3;98,3;98;98,4;98,3;98,5;0,98;98,6;98,7;98,3;98,7;98,6;98,5;0,99;98,9;99,1;99,1;98,8;98,6;98,8;0,99;99;99,1;99,1;99;98,9;98,8;0,99;99,2;99,4;99,4;99,2;99;99;0,99;99,4;99,5;99,4;99,4;99,4;99,3;0,99;99,4;99,5;99,4;99,3;99,4;99,4;0,99;99,5;99,7;99,6;99,4;99,4;99,5;1;223,65;210,36;6,06;224,92;207,98;6,04;237,7;219,35;6,49;247,17;226,43;6,8;245,8;231,01;6,86;249,13;239,26;7,07;253,67;243,45;7,24;255,67;244,12;7,29;255,31;245,45;7,31;257,53;244,81;7,34;5,9;5,9;6,4;6,7;6,8;7;7,2;7,2;7,3;7,3;5,9;6,2;6,5;6,8;7;7,2;7,3;7,5
Centro-Oeste;Estadual;83;89,7;78,5;80,4;84,9;86;0,84;88,1;94,4;86,2;84,3;88,8;90,3;0,89;91;97,1;90,8;85,4;90,7;92,9;0,91;91,8;98;93,3;86,2;90,7;93;0,92;94,2;98,4;95,1;88,3;95,2;95,1;0,94;93,9;98,4;95,6;87,9;94,9;93,8;0,94;94,8;98,6;96,3;89;96,2;95;0,95;95,2;98,4;97;89,1;97,6;94,9;0,95;96,4;98,9;98,9;89,5;98,6;96,1;0,96;95,9;98,3;98,8;89,5;99;95,1;0,96;185,39;172,13;4,63;198,15;181,16;5,04;211,21;191,55;5,48;215,4;196,61;5,65;217,35;201,03;5,77;218,77;209,46;5,95;225,35;216,6;6,21;227,04;215,5;6,22;217,1;210,06;5,93;222,49;213,28;6,09;3,9;4,5;5;5,2;5,4;5,6;5,9;5,9;5,7;5,8;3,9;4,3;4,7;5;5,3;5,5;5,8;6,1
M. G. do Sul;Total (4);77,2;81,2;69,5;77,6;80,4;82,4;0,78;85;96,7;75,2;83,2;85;88;0,85;85,7;98,1;77,6;83,7;84,6;88,1;0,86;87,9;98,5;79,7;85,5;88,6;89,9;0,88;89,4;98,8;82,4;87,1;89,2;91,1;0,89;90,2;98,5;85,2;87;89,4;91,7;0,9;90,9;98,7;86,2;87,8;90,6;92,5;0,91;91,8;98,5;86,8;89,6;91,9;94,1;0,92;94,5;99;92,1;91,5;94,2;96;0,94;93,8;98,7;90,9;92,6;92,6;94,4;0,94;183,4;170,77;4,57;199,69;181,76;5,08;208,65;189,64;5,4;220,26;200,68;5,82;217,76;201,71;5,79;221,63;211,88;6,05;226,93;219,02;6,28;227,28;215,82;6,23;211,02;205,04;5,72;218,72;209,82;5,96;3,6;4,3;4,6;5,1;5,2;5,5;5,7;5,7;5,4;5,6;3,6;4;4,4;4,7;5;5,2;5,5;5,8
M. G. do Sul;Pública (4);75,3;81,2;67,2;75,6;78,7;80,8;0,76;83,7;96,6;72,9;81,9;83,7;87;0,84;84,5;97,9;76,1;82,3;83,1;87,2;0,85;86,8;98,4;78;84,2;87,7;89;0,87;88,4;98,7;80,6;85,9;88,3;90,4;0,88;89,1;98,4;83,7;85,6;88,3;91;0,89;89,8;98,6;84,6;86,4;89,6;91,7;0,9;90,8;98,4;85,3;88,3;90,9;93,5;0,91;93,9;99;91,2;90,4;93,5;95,5;0,94;92,9;98,6;89,8;91,6;91,6;93,5;0,93;178,83;166,42;4,41;195,81;178,2;4,95;205,17;186,19;5,27;216,99;197,44;5,7;214,65;198,37;5,67;218,14;208,6;5,93;222,62;215,17;6,13;223,06;211,68;6,08;205,25;199,75;5,52;211,38;203,25;5,7;3,4;4,1;4,5;5;5;5,3;5,5;5,5;5,2;5,3;3,4;3,8;4,2;4,5;4,8;5;5,3;5,6
M. G. do Sul;Privada;97,7;-;96,2;98;98,3;98,3;0,98;98,3;97,9;97,6;98,5;98,7;98,7;0,98;98,3;99,1;96,9;98,4;98,8;98,5;0,98;98,2;99,1;96,9;98;98,5;98,6;0,98;98,3;99,1;97,4;98;98,4;98,5;0,98;98,4;99,2;97,2;98,3;98,7;98,4;0,98;98,8;99,3;98,4;98,6;99;99;0,99;99,1;99,4;98,2;99,2;99,3;99,2;0,99;99;99,4;98,2;98,8;99,4;99,4;0,99;99,2;99,4;98,9;98,9;99,3;99,5;0,99;229,03;214,2;6,23;238,33;217,2;6,47;244,82;225,55;6,74;253,28;233,34;7,05;246,17;232,23;6,89;251,84;240,25;7,14;260,28;248,82;7,46;258,23;246,19;7,37;252,03;242,68;7,19;259,49;246,31;7,4;6,1;6,4;6,6;6,9;6,8;7;7,4;7,3;7,1;7,3;6,1;6,4;6,7;6,9;7,1;7,3;7,5;7,6
M. G. do Sul;Estadual;73,1;-;64,4;71,6;77,8;77,8;0,72;82,8;97,2;70;81,1;83,8;85,6;0,83;82,8;98,3;73;81,6;81,2;85,6;0,83;84,7;98,5;74,5;82,4;86,1;86,9;0,85;88,3;99;79,1;86,1;89,4;91,1;0,88;88,6;99,4;81;85,6;88,9;90,6;0,89;90,7;99,6;84,9;87,7;90,6;92,8;0,91;92,4;99,2;87,4;91,3;93,4;94,9;0,93;95,3;98,3;94,1;91,3;94,6;96,5;0,95;94;100;93,1;91,5;92,2;94;0,94;179,8;167,04;4,44;192,42;175,05;4,82;205,58;186,31;5,28;219,37;198,21;5,76;218,43;201,13;5,79;221,74;210,85;6,03;223,12;216,08;6,16;224,15;212,72;6,11;204,14;199;5,48;212,72;202,81;5,72;3,2;4;4,4;4,9;5,1;5,4;5,6;5,7;5,2;5,4;3,3;3,6;4;4,3;4,6;4,9;5,2;5,5
Mato Grosso;Total (4);82,4;88,1;78,4;79,3;84,9;84,6;0,83;90,2;94,4;89,6;84,8;91,5;92,6;0,9;94,3;97,5;93,6;90,6;94,6;95,4;0,94;96,6;98,9;97,2;93,7;96,8;96,6;0,97;97,8;99,3;98,8;96;97,3;98;0,98;98,1;99,4;99,2;96,2;97,5;98,2;0,98;98,1;99,4;99,4;96,3;97,5;98;0,98;97,9;99;98,8;96,1;97,6;98;0,98;99,4;99,6;99,6;99,1;99,3;99,4;0,99;99,5;99,8;99,8;99,2;99,1;99,5;0,99;176,36;166,46;4,36;192,07;175,45;4,82;202,34;184,46;5,18;203,54;186,34;5,24;207,34;193,02;5,44;216,51;206,3;5,85;220,75;212,27;6,04;221,93;210,39;6,03;213,88;205,85;5,79;220,95;210,71;6,02;3,6;4,4;4,9;5,1;5,3;5,7;5,9;5,9;5,8;6;3,7;4;4,4;4,7;5;5,3;5,6;5,9
Mato Grosso;Pública (4);81,6;88,1;77,5;78,4;84,2;83,9;0,82;89,8;94,3;89;84;91,1;92,1;0,9;94;97,5;93,3;90;94,2;95,2;0,94;96,4;99;97;93,3;96,6;96,4;0,96;97,7;99,3;98,8;95,7;97,1;97,9;0,98;97,9;99,4;99,2;95,8;97,3;98,1;0,98;97,9;99,4;99,4;96;97,3;97,9;0,98;97,7;99;98,7;95,7;97,3;97,8;0,98;99,4;99,7;99,6;99;99,3;99,4;0,99;99,5;99,8;99,8;99,2;99,1;99,5;0,99;173,07;163,93;4,25;189,41;172,91;4,73;199,02;181,52;5,07;199,88;183,11;5,11;203;188,69;5,27;211,32;200,99;5,66;215,21;207,05;5,84;217,03;206,02;5,86;207,58;199,98;5,57;215,33;205,69;5,82;3,5;4,3;4,8;4,9;5,2;5,5;5,7;5,7;5,5;5,8;3,6;3,9;4,3;4,6;4,9;5,2;5,5;5,7
Mato Grosso;Privada;93,9;-;92,3;94,2;95;94,1;0,94;98,3;98,1;97,9;98,5;98,5;98,3;0,98;98,2;97,9;97,7;98,1;98,6;98,4;0,98;98,6;98,5;98,7;98,7;98,8;98,5;0,99;99;99,1;99;99;99;99;0,99;99;98,9;98,9;98,9;98,9;99,2;0,99;99,1;99,3;99,3;99;99,1;98,8;0,99;99,2;99,4;99,3;99,2;99,3;99;0,99;99,4;99,5;99,5;99,3;99,4;99,4;0,99;99,6;99,7;99,6;99,5;99,4;99,6;1;220,34;200,33;5,81;225,19;207,1;6,03;234,06;212,51;6,3;236,63;215,63;6,41;244,17;229,88;6,81;250,96;241,54;7,15;256,72;246,13;7,34;253,06;238,1;7,13;254,42;243,68;7,26;257,06;243,03;7,3;5,5;5,9;6,2;6,3;6,7;7,1;7,3;7,1;7,2;7,3;5,5;5,8;6,2;6,4;6,6;6,8;7;7,2
Mato Grosso;Estadual;82,2;83,4;79,8;78,5;85,3;84,6;0,82;91,1;92,1;92,6;83,4;93,6;94,3;0,91;97,1;97,2;97,7;94,1;98,4;97,9;0,97;99,2;99,9;99,9;98,2;100;98,5;0,99;99,9;99,7;99,9;99,8;100;99,9;1;99,8;99,7;99,8;99,8;99,7;99,8;1;99,2;99,6;99,5;99,1;99,2;99;0,99;97,1;97,2;97,4;95,2;97,8;97,3;0,97;99,3;99,6;99,6;98,3;99,6;99,6;0,99;99,6;99,4;99,7;99,3;99,7;99,6;1;175,82;164,91;4,32;190,7;174,54;4,78;199,07;181,88;5,07;198,93;182,72;5,09;199,62;185,66;5,15;209,49;199,19;5,59;214,42;206,07;5,81;214,39;203,29;5,76;207,4;200,15;5,57;212,3;201,44;5,68;3,6;4,4;4,9;5,1;5,1;5,6;5,8;5,6;5,5;5,7;3,6;4;4,4;4,7;4,9;5,2;5,5;5,8
Goiás;Total (4);86,4;92,1;81,5;85;87,9;89,1;0,87;90;94,7;86,4;88,6;90,1;91,1;0,9;90,7;95,5;86,4;89;90,5;92,3;0,91;93,3;97,6;91,9;91,1;92,3;94,1;0,93;95,7;98,5;97,2;94,2;92,9;96,1;0,96;95,6;98,6;97,9;93,6;92,6;95,7;0,96;96,4;98,9;98,6;94,5;94;96,4;0,96;96,9;99,1;98,8;94,4;95,2;97,3;0,97;97,8;99;98,9;96,9;96,7;97,7;0,98;98,3;99,5;99,4;96,8;97,3;98,4;0,98;185,03;175,87;4,7;191,42;175,62;4,81;207,92;190,9;5,41;216,75;198,94;5,72;221,57;206,1;5,95;221,74;213,55;6,08;227,24;220,79;6,32;231,34;220,75;6,4;219,92;213,83;6,05;231,62;221,77;6,42;4,1;4,3;4,9;5,3;5,7;5,8;6,1;6,2;5,9;6,3;4,2;4,5;4,9;5,2;5,4;5,7;6;6,2
Goiás;Pública (4);84,8;92;79;83;86,4;87,7;0,85;88,9;94,2;84,8;87,2;89;90,2;0,89;89,4;95,1;84,5;87,3;89,1;91,3;0,89;92,2;97,4;90,5;89,6;91,2;93,3;0,92;94,9;98,4;96,7;93,1;91,8;95,6;0,95;94,7;98,5;97,4;92,3;91,3;95;0,95;95,7;98,9;98,4;93,4;92,9;95,8;0,96;96,3;99;98,5;93,2;94,3;96,8;0,96;97,5;99;98,7;96,4;96,2;97,4;0,98;98;99,5;99,3;96,1;96,8;98,1;0,98;179,16;170,47;4,49;186,45;170,69;4,63;203,06;185,78;5,22;210,63;193,71;5,51;216,56;200,98;5,76;215,77;207,89;5,87;222,74;216,68;6,16;226,92;216,2;6,23;214,47;208,97;5,86;226,78;217,37;6,25;3,8;4,1;4,7;5,1;5,5;5,6;5,9;6;5,7;6,1;3,9;4,2;4,7;4,9;5,2;5,5;5,8;6
Goiás;Privada;97,1;96,8;96,9;97,2;97,2;97,3;0,97;97,5;97,5;97,6;97,8;97,7;97,2;0,98;97,9;97,7;97,9;98,2;97,8;98;0,98;98,4;98,5;98,4;98,8;98,4;98,2;0,98;98,7;98,9;99,2;98,7;98,3;98,6;0,99;99;98,9;99,4;99,3;98,6;98,6;0,99;99,2;99,3;99,5;99,3;98,9;99;0,99;99,4;99,4;99,6;99,3;99,2;99,3;0,99;99,3;99,4;99,4;99,3;99,2;99,2;0,99;99,5;99,7;99,7;99,4;99,3;99,4;0,99;217,48;205,71;5,85;219,46;203,43;5,86;233,79;218,14;6,4;247,95;225,55;6,8;245,41;230,41;6,84;246,64;237,21;6,99;247,33;239,15;7,04;250,97;240,91;7,14;246,38;237,39;6,99;251,71;240,06;7,14;5,7;5,7;6,3;6,7;6,8;6,9;7;7,1;6,9;7,1;5,7;6;6,4;6,6;6,8;7;7,2;7,4
Goiás;Estadual;89,1;94,3;85,3;87,4;89,3;90,4;0,89;90,3;92,5;87,6;91,2;91,6;89,9;0,91;91,6;97;87,4;90,3;91,9;92,7;0,92;94,8;98,5;96;94,6;93,4;93,9;0,95;97,8;99;99,5;98,8;95,8;97,7;0,98;97,8;99,8;99,4;99,1;95,7;96,7;0,98;98,9;99,8;99,7;99,6;97,5;98,7;0,99;98,5;99,8;99,4;98,4;97,6;98,7;0,99;99,5;99,3;100;99,4;99,2;99,7;1;99,6;100;100;100;98,8;99,7;1;178,34;165,24;4,38;188,93;172,6;4,71;206,44;189,02;5,35;214,11;194,87;5,6;228,55;209,02;6,13;226,72;217,81;6,26;240,43;227,05;6,69;235,82;222,72;6,52;225,27;213,39;6,15;236,48;230,57;6,68;3,9;4,3;4,9;5,3;6;6,1;6,6;6,4;6,1;6,7;4;4,3;4,7;5;5,3;5,6;5,8;6,1
Distrito Federal;Total (4);87,2;96,6;84,3;86;87,6;90,3;0,89;89,5;96,3;88,7;85,7;89;91,8;0,9;92,8;97,3;97,8;85,3;91,2;94,5;0,93;92,5;97,5;98,1;85,3;90;93,4;0,93;94,5;98,1;98,7;86,6;96;94,8;0,95;94,1;98,1;98,6;86,4;95,5;93;0,94;95,3;98,5;99;88,2;97,2;94,5;0,95;96,1;99,1;99,3;89,1;99,2;94,7;0,96;96,3;99,1;99,1;89,2;99,1;95,4;0,96;96,3;98,6;99,1;90,4;99,2;95;0,96;207,56;192,96;5,44;213,2;195,95;5,6;227,95;206,05;6,07;229,32;210,31;6,17;229,66;213,67;6,24;229,39;220,64;6,36;237,68;227,84;6,65;241,85;230,26;6,77;237,92;229,75;6,69;237,46;227,44;6,64;4,8;5;5,6;5,7;5,9;6;6,3;6,5;6,4;6,4;4,9;5,2;5,6;5,8;6,1;6,3;6,6;6,8
Distrito Federal;Pública (4);84,3;96,4;80,6;82,6;84,5;88,1;0,86;87,4;96,2;86,8;83,2;87;90,3;0,88;90,9;96,7;97,5;81,8;89,1;93,2;0,91;90,4;97;97,8;81,3;87,3;91,8;0,91;92,8;97,6;98,2;82,5;95;93,3;0,93;92,1;97,5;98,1;81,9;94;90,8;0,92;93,6;98;98,6;84,3;96,5;92,8;0,94;94,8;98,7;99,2;85,6;99,1;93,2;0,95;95,1;98,8;98,8;85,5;98,9;93,8;0,95;95,1;98,2;98,9;87,5;99;93,3;0,95;200,43;185,23;5,16;208,76;191,2;5,43;223,31;200,93;5,88;223,15;204,02;5,94;223,48;207,18;6;221,12;212,9;6,06;229,43;220,71;6,36;233,74;222,13;6,47;225,21;218,09;6,23;226,27;217,57;6,24;4,4;4,8;5,4;5,4;5,6;5,6;6;6,1;5,9;5,9;4,5;4,8;5,2;5,5;5,8;6;6,3;6,5
Distrito Federal;Privada;98,7;99,5;98,4;99;99;98,6;0,99;98,2;96,6;98,3;98,9;98,8;98,6;0,98;98,8;98,8;98,7;98,9;98,7;99;0,99;98,9;98,8;98,8;98,9;99;98,9;0,99;99,3;99,4;99,6;99,1;99,1;99;0,99;99,4;99,5;99,8;99,1;99,3;99,3;0,99;99,5;99,7;99,8;99,6;99,3;99,2;1;99,7;99,9;99,7;99,6;99,6;99,4;1;99,8;99,9;99,8;99,7;99,9;99,8;1;99,7;99,9;99,9;99,6;99,7;99,7;1;233,64;221,2;6,44;228,35;212,16;6,18;242,18;221,73;6,62;248,78;230,15;6,9;247,1;232;6,9;251,57;241,41;7,16;259,79;246,97;7,42;263,92;252,35;7,6;270,87;259,99;7,87;267,04;253,5;7,68;6,4;6,1;6,5;6,8;6,9;7,1;7,4;7,6;7,9;7,7;6,4;6,7;7;7,2;7,3;7,5;7,7;7,8
Distrito Federal;Estadual;84,3;96,4;80,6;82,6;84,5;88,1;0,86;87,4;96,2;86,8;83,2;87;90,3;0,88;90,9;96,7;97,5;81,8;89,1;93,2;0,91;90,4;97;97,8;81,3;87,3;91,8;0,91;92,8;97,6;98,2;82,5;95;93,3;0,93;92,1;97,5;98,1;81,9;94;90,8;0,92;93,6;98;98,6;84,3;96,5;92,8;0,94;94,8;98,7;99,2;85,6;99,1;93,2;0,95;95,1;98,8;98,8;85,5;98,9;93,8;0,95;95,1;98,2;98,9;87,5;99;93,3;0,95;200,43;185,23;5,16;208,76;191,2;5,43;223,31;200,93;5,88;223,15;204,02;5,94;223,48;207,18;6;221,12;212,9;6,06;229,43;220,71;6,36;233,74;222,13;6,47;225,21;218,09;6,23;226,27;217,57;6,24;4,4;4,8;5,4;5,4;5,6;5,6;6;6,1;5,9;5,9;4,5;4,8;5,2;5,5;5,8;6;6,3;6,5
;;;;;;;;;;;;;;;;;;;;;;;;;;;;;;;;;;;;;;;;;;;;;;;;;;;;;;;;;;;;;;;;;;;;;;;;;;;;;;;;;;;;;;;;;;;;;;;;;;;;;;;;;;;;;;;;;;;;;;;
Fonte: MEC/Inep.;;;;;;;;;;;;;;;;;;;;;;;;;;;;;;;;;;;;;;;;;;;;;;;;;;;;;;;;;;;;;;;;;;;;;;;;;;;;;;;;;;;;;;;;;;;;;;;;;;;;;;;;;;;;;;;;;;;;;;;
"Notas: (1) Médias do SAEB 2009 e Ideb 2009 calculados somente com as escolas urbanas;";;;;;;;;;;;;;;;;;;;;;;;;;;;;;;;;;;;;;;;;;;;;;;;;;;;;;;;;;;;;;;;;;;;;;;;;;;;;;;;;;;;;;;;;;;;;;;;;;;;;;;;;;;;;;;;;;;;;;;;
"(2) Médias do SAEB 2009 e Ideb 2009 não calculados devido à perda amostral;";;;;;;;;;;;;;;;;;;;;;;;;;;;;;;;;;;;;;;;;;;;;;;;;;;;;;;;;;;;;;;;;;;;;;;;;;;;;;;;;;;;;;;;;;;;;;;;;;;;;;;;;;;;;;;;;;;;;;;;
"(3) Médias do SAEB 2009 e Ideb 2009 calculados sem as escolas privadas;";;;;;;;;;;;;;;;;;;;;;;;;;;;;;;;;;;;;;;;;;;;;;;;;;;;;;;;;;;;;;;;;;;;;;;;;;;;;;;;;;;;;;;;;;;;;;;;;;;;;;;;;;;;;;;;;;;;;;;;
"(4) Médias do SAEB 2011 e Ideb 2011 calculados sem as escolas federais;";;;;;;;;;;;;;;;;;;;;;;;;;;;;;;;;;;;;;;;;;;;;;;;;;;;;;;;;;;;;;;;;;;;;;;;;;;;;;;;;;;;;;;;;;;;;;;;;;;;;;;;;;;;;;;;;;;;;;;;
(5) Ver Nota informativa do Ideb de 2021 (https://download.inep.gov.br/educacao_basica/portal_ideb/planilhas_para_download/2021/nota_informativa_ideb_2021.pdf) e ;;;;;;;;;;;;;;;;;;;;;;;;;;;;;;;;;;;;;;;;;;;;;;;;;;;;;;;;;;;;;;;;;;;;;;;;;;;;;;;;;;;;;;;;;;;;;;;;;;;;;;;;;;;;;;;;;;;;;;;
Relatório de Resultados do Saeb de 2021 (https://download.inep.gov.br/educacao_basica/saeb/2021/resultados/relatorio_de_resultados_do_saeb_2021_volume_1.pdf);;;;;;;;;;;;;;;;;;;;;;;;;;;;;;;;;;;;;;;;;;;;;;;;;;;;;;;;;;;;;;;;;;;;;;;;;;;;;;;;;;;;;;;;;;;;;;;;;;;;;;;;;;;;;;;;;;;;;;;
"para maiores informações sobre o impacto da pandemia no Ideb;";;;;;;;;;;;;;;;;;;;;;;;;;;;;;;;;;;;;;;;;;;;;;;;;;;;;;;;;;;;;;;;;;;;;;;;;;;;;;;;;;;;;;;;;;;;;;;;;;;;;;;;;;;;;;;;;;;;;;;;
(6) O primeiro ciclo do Ideb considera as metas pactuadas no Compromisso Todos pela Educação (https://www.planalto.gov.br/ccivil_03/_ato2007-2010/2007/decreto/d6094.htm);;;;;;;;;;;;;;;;;;;;;;;;;;;;;;;;;;;;;;;;;;;;;;;;;;;;;;;;;;;;;;;;;;;;;;;;;;;;;;;;;;;;;;;;;;;;;;;;;;;;;;;;;;;;;;;;;;;;;;;
que foram definidas (https://download.inep.gov.br/educacao_basica/portal_ideb/o_que_sao_as_metas/Nota_Tecnica_n2_metas_intermediarias_IDEB.pdf) para cada ente;;;;;;;;;;;;;;;;;;;;;;;;;;;;;;;;;;;;;;;;;;;;;;;;;;;;;;;;;;;;;;;;;;;;;;;;;;;;;;;;;;;;;;;;;;;;;;;;;;;;;;;;;;;;;;;;;;;;;;;
"federado de 2007 até 2021;";;;;;;;;;;;;;;;;;;;;;;;;;;;;;;;;;;;;;;;;;;;;;;;;;;;;;;;;;;;;;;;;;;;;;;;;;;;;;;;;;;;;;;;;;;;;;;;;;;;;;;;;;;;;;;;;;;;;;;;
(7) Com o fim do primeiro ciclo do Ideb, o Inep criou um Grupo Técnico para elaborar estudo e subsidiar a atualização do Ideb e a avaliação de novas metas - para maiores;;;;;;;;;;;;;;;;;;;;;;;;;;;;;;;;;;;;;;;;;;;;;;;;;;;;;;;;;;;;;;;;;;;;;;;;;;;;;;;;;;;;;;;;;;;;;;;;;;;;;;;;;;;;;;;;;;;;;;;
informações ver Portaria nº 26 de 29/01/2024 (https://www.in.gov.br/web/dou/-/portaria-n-26-de-29-de-janeiro-de-2024-540345023) que institui o Grupo Técnico e;;;;;;;;;;;;;;;;;;;;;;;;;;;;;;;;;;;;;;;;;;;;;;;;;;;;;;;;;;;;;;;;;;;;;;;;;;;;;;;;;;;;;;;;;;;;;;;;;;;;;;;;;;;;;;;;;;;;;;;
Portaria nº 231 de 17/06/2024 (https://www.in.gov.br/web/dou/-/portaria-n-231-de-17-de-junho-de-2024-566241404) que prorroga o prazo para conclusão das atividades.;;;;;;;;;;;;;;;;;;;;;;;;;;;;;;;;;;;;;;;;;;;;;;;;;;;;;;;;;;;;;;;;;;;;;;;;;;;;;;;;;;;;;;;;;;;;;;;;;;;;;;;;;;;;;;;;;;;;;;;