REGIAO;REDE;VL_APROVACAO_2005_SI_4;VL_APROVACAO_2005_1;VL_APROVACAO_2005_2;VL_APROVACAO_2005_3;VL_APROVACAO_2005_4;VL_INDICADOR_REND_2005;VL_APROVACAO_2007_SI_4;VL_APROVACAO_2007_1;VL_APROVACAO_2007_2;VL_APROVACAO_2007_3;VL_APROVACAO_2007_4;VL_INDICADOR_REND_2007;VL_APROVACAO_2009_SI_4;VL_APROVACAO_2009_1;VL_APROVACAO_2009_2;VL_APROVACAO_2009_3;VL_APROVACAO_2009_4;VL_INDICADOR_REND_2009;VL_APROVACAO_2011_SI_4;VL_APROVACAO_2011_1;VL_APROVACAO_2011_2;VL_APROVACAO_2011_3;VL_APROVACAO_2011_4;VL_INDICADOR_REND_2011;VL_APROVACAO_2013_SI_4;VL_APROVACAO_2013_1;VL_APROVACAO_2013_2;VL_APROVACAO_2013_3;VL_APROVACAO_2013_4;VL_INDICADOR_REND_2013;VL_APROVACAO_2015_SI_4;VL_APROVACAO_2015_1;VL_APROVACAO_2015_2;VL_APROVACAO_2015_3;VL_APROVACAO_2015_4;VL_INDICADOR_REND_2015;VL_APROVACAO_2017_SI_4;VL_APROVACAO_2017_1;VL_APROVACAO_2017_2;VL_APROVACAO_2017_3;VL_APROVACAO_2017_4;VL_INDICADOR_REND_2017;VL_APROVACAO_2019_SI_4;VL_APROVACAO_2019_1;VL_APROVACAO_2019_2;VL_APROVACAO_2019_3;VL_APROVACAO_2019_4;VL_INDICADOR_REND_2019;VL_APROVACAO_2021_SI_4;VL_APROVACAO_2021_1;VL_APROVACAO_2021_2;VL_APROVACAO_2021_3;VL_APROVACAO_2021_4;VL_INDICADOR_REND_2021;VL_APROVACAO_2023_SI_4;VL_APROVACAO_2023_1;VL_APROVACAO_2023_2;VL_APROVACAO_2023_3;VL_APROVACAO_2023_4;VL_INDICADOR_REND_2023;VL_NOTA_MATEMATICA_2005;VL_NOTA_PORTUGUES_2005;VL_NOTA_MEDIA_2005;VL_NOTA_MATEMATICA_2007;VL_NOTA_PORTUGUES_2007;VL_NOTA_MEDIA_2007;VL_NOTA_MATEMATICA_2009;VL_NOTA_PORTUGUES_2009;VL_NOTA_MEDIA_2009;VL_NOTA_MATEMATICA_2011;VL_NOTA_PORTUGUES_2011;VL_NOTA_MEDIA_2011;VL_NOTA_MATEMATICA_2013;VL_NOTA_PORTUGUES_2013;VL_NOTA_MEDIA_2013;VL_NOTA_MATEMATICA_2015;VL_NOTA_PORTUGUES_2015;VL_NOTA_MEDIA_2015;VL_NOTA_MATEMATICA_2017;VL_NOTA_PORTUGUES_2017;VL_NOTA_MEDIA_2017;VL_NOTA_MATEMATICA_2019;VL_NOTA_PORTUGUES_2019;VL_NOTA_MEDIA_2019;VL_NOTA_MATEMATICA_2021;VL_NOTA_PORTUGUES_2021;VL_NOTA_MEDIA_2021;VL_NOTA_MATEMATICA_2023;VL_NOTA_PORTUGUES_2023;VL_NOTA_MEDIA_2023;VL_OBSERVADO_2005;VL_OBSERVADO_2007;VL_OBSERVADO_2009;VL_OBSERVADO_2011;VL_OBSERVADO_2013;VL_OBSERVADO_2015;VL_OBSERVADO_2017;VL_OBSERVADO_2019;VL_OBSERVADO_2021;VL_OBSERVADO_2023;VL_PROJECAO_2007;VL_PROJECAO_2009;VL_PROJECAO_2011;VL_PROJECAO_2013;VL_PROJECAO_2015;VL_PROJECAO_2017;VL_PROJECAO_2019;VL_PROJECAO_2021
Norte;Total;75,3;71;75,7;78,5;78,9;0,76;77,1;72,7;76,9;80,3;81,4;0,78;79,2;74,9;79,2;82;82,9;0,8;81,7;77,7;81,4;84,2;85,4;0,82;81,7;77,6;81,2;84,3;85,3;0,82;82,6;79;82;84,8;86,2;0,83;84,9;81,3;84,4;87,5;87,8;0,85;87,1;84,2;86,5;89,2;89,7;0,87;92,8;93,3;92,1;92,7;93,4;0,93;91,7;90,1;91;92,2;93,7;0,92;226,8;225,84;4,21;235,82;227,32;4,39;236,33;237,19;4,56;240,46;236,97;4,62;238,81;238,68;4,62;245,26;245,17;4,84;246,47;251,59;4,97;250,86;251,09;5,03;246,11;250,64;4,95;247,55;252,43;5;3,2;3,4;3,6;3,8;3,8;4;4,2;4,4;4,6;4,6;3,2;3,4;3,6;4,1;4,4;4,7;5;5,2
Norte;Pública;74,1;69,8;74,5;77,3;77,7;0,75;75,9;71,4;75,9;79,1;80,3;0,77;78,2;73,8;78,2;81,1;82;0,79;80,7;76,6;80,5;83,4;84,6;0,81;80,6;76,4;80,2;83,3;84,4;0,81;81,6;77,8;81;83,9;85,3;0,82;84;80,2;83,4;86,6;87,1;0,84;86,3;83,1;85,7;88,5;89,1;0,87;92,4;92,8;91,6;92,3;93;0,92;91,1;89,4;90,4;91,7;93,3;0,91;222,26;221,99;4,07;232,23;224,12;4,27;232,96;234,75;4,46;235,94;232,96;4,48;234,65;234,72;4,49;241,43;241,45;4,71;242,05;247,46;4,83;246,56;246,98;4,89;242,43;247,09;4,83;243,86;248,9;4,88;3;3,3;3,5;3,6;3,6;3,9;4,1;4,2;4,5;4,4;3,1;3,2;3,5;3,9;4,3;4,5;4,8;5,1
Norte;Privada;95,1;95,6;95,3;95,5;93,8;0,95;95,3;95,5;95,4;95,3;94,9;0,95;95,1;95,2;95;95,3;94,7;0,95;94,9;95,3;94,8;94,7;94,8;0,95;94,9;94,9;94,1;95,3;95,2;0,95;95,7;95,7;95,3;96,1;95,4;0,96;97;97;97,1;97,3;96,5;0,97;97,4;97,7;97,3;97,6;96,8;0,97;98,8;98,9;98,6;98,7;98,8;0,99;98,5;98,6;98,6;98,5;98,5;0,99;273,47;265,47;5,65;274,03;261,38;5,59;271,59;262,69;5,57;281,01;272,9;5,9;273,38;271,51;5,75;277,31;276,17;5,89;284,76;287,37;6,2;288,84;287,34;6,27;281,95;285,21;6,12;279,91;283,38;6,05;5,4;5,3;5,3;5,6;5,5;5,6;6;6,1;6;6;5,4;5,5;5,8;6,1;6,4;6,6;6,8;7
Norte;Estadual;75,3;72;75,4;77,5;77,3;0,75;76;72,5;75,3;78,4;79,5;0,76;77,9;74,5;77,8;79,9;80,2;0,78;80,4;77,4;79,9;82,1;83,1;0,81;80,4;77,6;79,8;82,3;82,6;0,81;81,9;79,7;81,4;83,2;83,6;0,82;86,1;84,6;85,9;87,5;86,7;0,86;88,7;87,9;88,3;89,7;89,1;0,89;92,5;93,6;91,5;92;92,9;0,92;95;94,8;94,9;95,2;95,1;0,95;222,84;223;4,1;232,82;224,74;4,29;233,69;235,53;4,49;236,56;233,38;4,5;235,37;235,2;4,51;241,34;241,18;4,71;243,4;248,75;4,87;246,69;247,02;4,9;244,07;248,34;4,87;244,95;249,94;4,91;3,1;3,3;3,5;3,6;3,6;3,9;4,2;4,3;4,5;4,7;3,1;3,3;3,5;3,9;4,3;4,6;4,9;5,1
Rondônia;Total (3)(4);73,8;69,4;72,6;76,4;79,6;0,74;76;71,7;74,5;78,9;81,7;0,77;76,1;70,9;74,9;78,8;82,2;0,76;75,7;70,3;73,9;78,3;83,1;0,76;80;77,3;77,7;81,3;84,8;0,8;80,7;77,9;80,4;81,5;84,9;0,81;90,6;89,1;90,1;91,3;92,7;0,91;92,2;92,5;91;92;93,2;0,92;95,9;96,4;95,6;95,9;95,5;0,96;95,5;95;95,6;95,3;96;0,95;240,36;232,88;4,55;241,78;228,41;4,5;240,26;237,48;4,63;250,5;243,16;4,89;248,18;243,16;4,86;256,26;254,54;5,18;262,59;263,56;5,44;260,46;257,17;5,29;251,46;253,14;5,08;250,29;251,98;5,04;3,4;3,4;3,5;3,7;3,9;4,2;4,9;4,9;4,9;4,8;3,4;3,6;3,8;4,2;4,6;4,9;5,1;5,4
Rondônia;Pública (4);72,5;68,2;71,2;75,2;78,6;0,73;74,9;70,5;73,4;77,9;80,8;0,75;75;69,8;73,8;77,8;81,3;0,75;74,6;68,8;72,7;77,4;82,3;0,75;79,1;76,3;76,7;80,3;84,1;0,79;79,8;76,8;79,5;80,5;84,1;0,8;90,2;88,6;89,6;90,8;92,4;0,9;91,8;92,1;90,5;91,7;93;0,92;95,7;96,1;95,4;95,7;95,4;0,96;95,2;94,7;95,4;95,1;95,8;0,95;231,92;226,57;4,31;238,88;226,27;4,42;240,26;237,48;4,63;246,81;239,77;4,78;244,98;240,38;4,76;253,01;251,64;5,08;258,81;260,42;5,32;257,1;254,19;5,19;248,28;250,25;4,98;246,71;248,65;4,92;3,1;3,3;3,5;3,6;3,8;4,1;4,8;4,8;4,8;4,7;3,2;3,3;3,6;4;4,4;4,6;4,9;5,2
Rondônia;Privada (2);94,2;95,6;94,1;94,7;92,6;0,94;94,5;95;93,8;94,3;94,5;0,94;94,3;94,7;93,5;95,2;93,9;0,94;93,4;95,4;92,6;91,8;94;0,93;93,9;95,7;93,4;93,5;93,3;0,94;94,6;95,5;93,4;94,2;95,3;0,95;97;96,9;97;96,9;97;0,97;96,4;97,1;96,6;95,8;95,8;0,96;98,2;98,9;97,8;98,4;97,5;0,98;98;98,4;98,3;97,4;97,7;0,98;296,14;274,56;6,18;272,08;250,86;5,38;-;-;-;289,31;278,84;6,14;281,73;272,24;5,9;291,11;285,63;6,28;304,28;298,31;6,71;300,27;292,46;6,55;290,71;288,94;6,33;288,64;287,69;6,27;5,8;5,1;-;5,7;5,5;5,9;6,5;6,3;6,2;6,1;5,8;6;6,2;6,5;6,8;7;7,2;7,3
Rondônia;Estadual;72,8;69,2;71,8;75,5;77,2;0,73;73,2;69,5;71,1;76,1;78,3;0,74;73,5;68,8;72,3;75,8;78,9;0,74;72,4;67;70,4;74,9;79,9;0,73;78,5;76,8;76,8;79,2;81,8;0,79;79,2;77,3;78,8;79,2;82,3;0,79;91,1;90,7;90,8;91,1;92;0,91;92,7;93,8;91,7;92,2;92,9;0,93;95,5;96,1;95,2;95,5;95,1;0,95;95,9;95,9;96,1;95,8;95,8;0,96;232,51;227,66;4,34;239,28;226,52;4,43;240,56;237,91;4,64;246,74;240,06;4,78;244,86;240,43;4,75;253,05;251,87;5,08;258,94;260,53;5,32;257,03;254,33;5,19;248,2;250,32;4,98;246,83;248,81;4,93;3,2;3,3;3,4;3,5;3,7;4;4,9;4,8;4,8;4,7;3,2;3,4;3,6;4;4,4;4,7;4,9;5,2
Acre;Total (3)(4);82,1;77,3;82,7;85,3;86,1;0,83;86,1;83,1;86,4;87,2;89,4;0,86;88,4;86;89,3;90,7;88,7;0,89;90;87,5;89,8;91,5;92,1;0,9;90,8;88,9;90,2;91,5;92,9;0,91;90,2;89,7;90,4;91,1;89,8;0,9;91,5;91;92,3;91,6;91,2;0,92;92,3;92,3;92,5;92,1;92,4;0,92;93,9;93,8;93,9;93,5;94,3;0,94;91,8;91,5;92,1;91;92,8;0,92;226,69;228,25;4,25;236,36;227,23;4,39;237,28;239,49;4,61;243,34;238,74;4,7;244,56;246,48;4,85;249,1;249,03;4,97;252,42;256,7;5,15;259,48;258,16;5,29;251,87;255,45;5,12;253,6;258,85;5,21;3,5;3,8;4,1;4,2;4,4;4,5;4,7;4,9;4,8;4,8;3,5;3,7;4;4,4;4,8;5;5,3;5,5
Acre;Pública (4);81,1;76,3;82;84,4;85,3;0,82;85,5;82,3;85,9;86,6;88,7;0,86;88;85,6;88,9;90,3;88,4;0,88;89,7;87;89,5;91,3;91,9;0,9;90,5;88,5;89,9;91,2;92,6;0,91;89,9;89,4;90,1;90,8;89,5;0,9;91,2;90,7;92;91,3;90,8;0,91;92;92;92,2;91,8;92,1;0,92;93,6;93,5;93,6;93,2;94,1;0,94;91,4;91,1;91,6;90,6;92,4;0,91;223,06;224,7;4,13;233,02;224,32;4,29;237,28;239,49;4,61;240,02;235,78;4,6;241,94;244,18;4,77;246,9;247,24;4,9;250,32;254,38;5,08;256,54;255,51;5,2;249,21;253,2;5,04;250,33;256,06;5,11;3,4;3,7;4,1;4,1;4,3;4,4;4,6;4,8;4,7;4,7;3,4;3,6;3,8;4,2;4,6;4,9;5,1;5,4
Acre;Privada (2);95,9;98;95;95,5;94,9;0,96;96,4;97,2;95,6;96,1;96,4;0,96;96,3;95,6;97,6;96,3;95,6;0,96;96,6;96,6;96,4;96,9;96,6;0,97;97,7;99,4;97,5;97;97,2;0,98;97,7;98,6;98,1;97,1;96,9;0,98;98,7;98,9;98,6;98,5;98,8;0,99;98,9;99,1;99,1;99,1;98,3;0,99;99,6;99,9;99,3;99,6;99,7;1;99,3;99,4;99,6;99,1;99,1;0,99;256,67;257,54;5,24;270,67;257,12;5,46;-;-;-;279,7;270,33;5,83;277,29;275,13;5,87;283,19;276,89;6;289,03;297,12;6,44;303,67;298,01;6,69;296,44;293,21;6,49;299,29;297,91;6,62;5;5,3;-;5,6;5,7;5,9;6,4;6,6;6,5;6,6;5;5,2;5,4;5,8;6,1;6,3;6,5;6,8
Acre;Estadual;82,9;78,8;83,2;85,7;86,4;0,83;86,6;84,5;86,8;87,4;88,8;0,87;88,8;87,1;89,9;90,7;88,1;0,89;90,5;88,9;89,8;91,7;92,1;0,91;91,3;90,3;90,5;91,9;92,7;0,91;90,3;90,6;90,5;90,9;89,3;0,9;92,1;92,4;93;91,8;91,1;0,92;92,6;92,8;92,8;92,4;92,4;0,93;93,7;93,6;93,7;93,3;94,1;0,94;91,8;91,7;91,9;90,8;92,6;0,92;224,91;227,27;4,2;234;225,57;4,33;238,09;240,48;4,64;240,9;236,84;4,63;243,37;245,67;4,82;247,21;247,82;4,92;250,81;254,94;5,1;256,87;256,14;5,22;250,37;254,54;5,08;251,69;257,71;5,16;3,5;3,8;4,1;4,2;4,4;4,4;4,7;4,8;4,8;4,7;3,5;3,7;4;4,4;4,7;5;5,3;5,5
Amazonas;Total (3)(4);69,2;64,3;69,7;72,8;72,9;0,7;74,8;69,1;75,8;78,5;79,1;0,75;76,2;70,9;76,6;78,9;80,7;0,77;83,1;79,4;83,2;84,7;86,2;0,83;83,8;81,3;83,6;85;86;0,84;87,3;85,5;87,2;88;88,9;0,87;88,7;86,4;88,8;89,4;90,5;0,89;89,8;87,7;89,6;90,8;91,6;0,9;95;95;94,9;94,9;95,3;0,95;93,8;93,3;93,8;93,8;94,5;0,94;218,62;217,54;3,94;235,92;229,22;4,42;234,7;238,56;4,55;239,25;237,1;4,61;239,11;240,97;4,67;249,02;251,27;5;249,23;257,42;5,11;252,32;254,27;5,11;246,98;250,9;4,96;251,79;256,46;5,14;2,7;3,3;3,5;3,8;3,9;4,4;4,5;4,6;4,7;4,8;2,8;2,9;3,2;3,6;4;4,2;4,5;4,8
Amazonas;Pública (4);67,8;62,9;68,3;71,4;71,6;0,68;74,1;68,3;75,1;77,8;78,5;0,75;75;69,5;75,4;77,8;79,8;0,75;82,2;78,4;82,4;84;85,6;0,83;83;80,4;82,9;84,2;85,3;0,83;86,6;84,7;86,6;87,4;88,4;0,87;88,1;85,8;88,3;89;90,1;0,88;89,3;87;89,1;90,3;91,3;0,89;94,8;94,8;94,7;94,7;95;0,95;93,5;93;93,5;93,5;94,2;0,94;214,61;214,1;3,81;232,77;226,44;4,32;234,7;238,56;4,55;234,51;233,09;4,46;235,46;237,75;4,55;245,01;248;4,88;246,32;255,04;5,02;249,37;251,6;5,02;244,34;248,48;4,88;248,92;253,71;5,04;2,6;3,2;3,4;3,7;3,8;4,2;4,4;4,5;4,6;4,7;2,6;2,8;3;3,4;3,8;4,1;4,3;4,6
Amazonas;Privada (2);94,8;95,5;95,5;94;93,8;0,95;94,9;95,2;94,6;95,3;94,7;0,95;94,3;94,3;94;94,8;93,9;0,94;94,5;94,8;94,4;94;94,7;0,94;94,5;94,5;93,1;95,2;95,3;0,95;96,1;96,9;95,4;96,9;94,9;0,96;97,2;97,6;97;97,3;96,8;0,97;97,8;98,1;97,3;98,3;97,1;0,98;98,9;99;98,7;98,6;99,1;0,99;98,6;99,1;98,8;98,1;98,5;0,99;278,65;269,01;5,79;281,11;269,07;5,84;-;-;-;287,46;278,65;6,1;279,14;276,26;5,92;292,48;286,7;6,32;287,43;288,51;6,27;289,97;288,32;6,3;282,6;283,58;6,1;285,1;288,39;6,22;5,5;5,5;-;5,8;5,6;6,1;6,1;6,2;6;6,1;5,5;5,6;5,9;6,2;6,5;6,7;6,9;7,1
Amazonas;Estadual;68,5;64,7;68,5;70,8;71,2;0,69;76,1;71,5;76,8;78,6;78,8;0,76;76,7;72,2;77;78,2;80,1;0,77;85,6;83,4;85,5;86,2;87,5;0,86;85,6;85;85,1;86,2;86,1;0,86;88,9;89;88,9;89;88,8;0,89;90,9;91,2;91,1;90,7;90,7;0,91;91;90,5;90,6;91,4;91,6;0,91;96,7;97,4;96,6;96,2;96,6;0,97;94,7;94,8;94,6;94,5;94,9;0,95;216,34;215,23;3,86;234,43;228,36;4,38;237,27;241,2;4,64;237,64;235,58;4,55;237,32;239,11;4,61;245,75;248,53;4,9;247,53;256,82;5,07;249,58;251,48;5,02;247,07;250,57;4,96;249,35;255,06;5,07;2,7;3,3;3,6;3,9;3,9;4,4;4,6;4,6;4,8;4,8;2,7;2,8;3,1;3,5;3,9;4,1;4,4;4,7
Roraima;Total (3)(4);81,1;77,9;80,8;83;84;0,81;81,9;78,2;79,9;84,2;87,7;0,82;84;81;83,2;86;87,3;0,84;82,6;81;81,6;82,8;85,7;0,83;82,8;82,2;84,4;82,9;81,5;0,83;83,3;82,6;83,8;83,6;83,1;0,83;86,7;86,3;86,8;87,8;85,9;0,87;89,2;88,2;90,6;90,1;87,4;0,89;93,9;96,3;93,4;92,4;93,3;0,94;92,2;93;92,9;92,5;90,1;0,92;228,13;224,5;4,21;238,72;227,7;4,44;233,27;232,54;4,43;238,05;233,13;4,52;235;231,21;4,44;239,49;237,79;4,62;242,7;242,96;4,76;245,38;243,02;4,81;250,4;253,29;5,06;240,43;241,18;4,69;3,4;3,7;3,7;3,7;3,7;3,8;4,1;4,3;4,7;4,3;3,5;3,6;3,9;4,3;4,7;4,9;5,2;5,4
Roraima;Pública (4);80,4;77,3;80,1;82,5;83,5;0,81;81,1;77,1;79;83,7;87,2;0,82;83,2;80,1;82,6;85,3;86,5;0,84;81,9;80,2;80,9;82,2;85,2;0,82;82;81,4;83,9;82;80,6;0,82;82,5;81,8;83;82,8;82,4;0,82;86,1;85,7;86,2;87,4;85,3;0,86;88,8;87,7;90,3;89,7;86,9;0,89;93,5;96,1;93,1;92;92,9;0,93;91,8;92,7;92,6;92,2;89,7;0,92;219,47;218,73;3,97;235,62;224,87;4,34;233,27;232,54;4,43;233,17;228,87;4,37;230,63;227,48;4,3;235,4;234,23;4,49;238,11;239,1;4,62;240,07;238,29;4,64;246,72;249,65;4,94;236,96;237,73;4,58;3,2;3,5;3,7;3,6;3,5;3,7;4;4,1;4,6;4,2;3,2;3,4;3,7;4,1;4,4;4,7;5;5,2
Roraima;Privada (2);96,4;96,7;98,4;96,1;94,3;0,96;96,5;97,6;96,1;95,1;97;0,96;97,6;98,7;96,7;97,1;97,5;0,97;95,2;97,4;94,4;95,2;93,7;0,95;95,8;95,3;92,9;98,7;96,2;0,96;95,6;96,1;95,5;95,7;94,9;0,96;95;95,9;95,9;93,5;94,4;0,95;95,8;96,1;95,6;95,1;96,4;0,96;99,3;99,4;98,7;99,3;99,9;0,99;97,6;97,4;98,3;98,3;96,2;0,98;306,93;277,02;6,4;287,1;271,86;5,98;-;-;-;290,6;277,74;6,14;290,97;278,95;6,17;293,03;284,38;6,29;295,17;287,09;6,37;308,93;299,72;6,81;294,71;297,11;6,53;279,82;280,34;6;6,2;5,8;-;5,8;5,9;6;6;6,5;6,5;5,9;6,2;6,3;6,5;6,8;7,1;7,2;7,4;7,6
Roraima;Estadual;80,5;77,7;80,1;82,3;83,1;0,81;81;77;78,8;84;86,9;0,81;83;80;82,3;85,1;86,2;0,83;81,9;80,1;81,2;82;85,2;0,82;82,1;82;84,1;81,9;80,3;0,82;82,6;82,4;83,1;82,8;82,2;0,83;86;85,6;85,9;87,3;85,1;0,86;88,8;87,9;90,3;89,6;86,7;0,89;93,3;95,9;92,9;91,7;92,7;0,93;91,7;92,8;92,5;92,1;89,5;0,92;219,47;218,73;3,97;234,77;224,07;4,31;232,99;232,2;4,42;233,23;228,88;4,37;230,04;226,99;4,28;234,71;233,68;4,47;237,37;238,5;4,6;239,58;237,75;4,62;246,84;249,85;4,94;237,14;237,85;4,58;3,2;3,5;3,7;3,6;3,5;3,7;4;4,1;4,6;4,2;3,2;3,4;3,7;4,1;4,4;4,7;5;5,2
Pará;Total (3)(4);75,3;70,9;75,7;79;79,1;0,76;75,1;70,8;75;78,8;79,4;0,76;78,3;74,3;78,3;81,9;81,4;0,79;80,3;76,1;80,1;83,9;83,6;0,81;79,4;73,9;79,2;83,6;83,7;0,8;79,6;74,6;78,5;83,3;84,4;0,8;80,8;76,2;79,9;85;84,7;0,81;83,8;79,6;82,8;87,2;87,6;0,84;91;91,6;90;90,8;91,6;0,91;89,2;86,7;87,9;90,3;92,6;0,89;230,6;231,56;4,37;235,07;226,79;4,36;229,96;231,73;4,36;238,4;235,56;4,57;235,85;236,84;4,54;241,01;241,1;4,7;239;245,02;4,73;246,53;248,04;4,91;242,86;249,38;4,87;244,4;250,88;4,92;3,3;3,3;3,4;3,7;3,6;3,8;3,8;4,1;4,4;4,4;3,4;3,5;3,8;4,2;4,6;4,8;5,1;5,3
Pará;Pública (4);74;69,7;74,5;77,6;77,7;0,75;73,5;69,1;73,5;77,1;77,7;0,74;77,2;73,2;77,2;80,9;80,2;0,78;79;74,7;79;82,8;82,3;0,8;77,9;72,2;77,9;82,3;82,3;0,78;78,1;73;77;82;83,1;0,79;79,3;74,6;78,4;83,7;83,4;0,8;82,5;78;81,5;86,1;86,6;0,83;90,3;90,9;89,3;90,1;90,9;0,9;88,4;85,7;87;89,4;92;0,88;226,37;227,69;4,23;230,66;222,66;4,22;229,96;231,73;4,36;232,5;230,23;4,38;230,6;231,64;4,37;236,85;236,46;4,56;232,71;238,68;4,52;240,65;242,24;4,71;238;244,59;4,71;240,05;246,71;4,78;3,2;3,1;3,4;3,5;3,4;3,6;3,6;3,9;4,3;4,2;3,2;3,3;3,6;4;4,4;4,7;4,9;5,2
Pará;Privada (2);95,1;95,5;95,2;96;93,6;0,95;95,3;95,6;95,6;95,5;94,3;0,95;95,4;95,5;95,7;95,4;95;0,95;95,1;95,3;95;95,5;94,7;0,95;94,9;94,6;94,3;95,5;95;0,95;95,5;94,9;95,4;96,3;95,6;0,96;96,9;96,8;97;97,4;96,3;0,97;97,5;97,7;97,4;97,8;97;0,97;98,7;98,7;98,7;98,8;98,8;0,99;98,6;98,4;98,4;98,8;98,7;0,99;267,14;264,93;5,53;270,64;260,14;5,51;-;-;-;275,4;269,03;5,74;266,63;267,31;5,57;266,15;269,16;5,59;277,89;284,28;6,04;283,33;284,36;6,13;277,28;283,37;6,01;273,25;278,53;5,86;5,3;5,3;-;5,5;5,3;5,3;5,8;6;5,9;5,8;5,3;5,4;5,7;6;6,3;6,5;6,7;6,9
Pará;Estadual;74,1;71,2;74,3;76,9;75,6;0,74;68,8;65,4;67,8;71,9;72,3;0,69;72,3;69,9;72,2;75,8;72,1;0,72;72,6;69,7;72,5;76,2;73;0,73;70,3;65,6;69,9;74,9;72,7;0,71;73,1;68,9;71,6;77,6;74,6;0,73;76,8;74,4;76,2;80,5;76,8;0,77;83,3;82;82,7;85,5;83,2;0,83;85,7;88,5;83,5;84,7;86,4;0,86;99,1;100;98,3;100;98,1;0,99;225,25;228,59;4,23;229,5;221,66;4,19;227,56;229,89;4,29;228,97;227,52;4,27;227,29;229,44;4,28;231,75;231,01;4,38;226,41;233,03;4,32;234,44;238,14;4,54;236,11;244,33;4,67;240,38;248,8;4,82;3,1;2,9;3,1;3,1;3;3,2;3,3;3,8;4;4,8;3,2;3,3;3,6;4;4,4;4,6;4,9;5,2
Amapá;Total (3)(4);85;81,5;84,9;86,8;88,9;0,85;83,1;80,7;82,1;84,8;86,5;0,83;84,2;80,3;84,1;86,4;87,8;0,85;83;78,8;82,5;86,1;87,2;0,84;83,2;77,6;82,8;86,5;88;0,84;81,4;75,7;80,7;84,5;86,5;0,82;82,2;75,5;82,9;86,1;87,1;0,83;84,6;78,8;85,3;89,1;87,5;0,85;85,5;86,3;82,5;85,8;88,2;0,86;88,8;85,1;88,6;90,6;91,9;0,89;225,01;223,17;4,14;229,42;223,31;4,21;226,49;229,58;4,27;231,49;231,14;4,38;228,76;231,33;4,33;235,99;234,51;4,51;233,87;240,7;4,58;238,87;243,71;4,71;239,65;248,6;4,8;239,44;249,7;4,82;3,5;3,5;3,6;3,7;3,6;3,7;3,8;4;4,1;4,3;3,6;3,7;4;4,4;4,8;5;5,3;5,5
Amapá;Pública (4);84,3;80,7;84,2;86;88,3;0,85;82,3;79,9;81,1;84;85,7;0,83;83,2;79,3;83,3;85,4;86,8;0,84;82,1;77,8;81,6;85,2;86,4;0,83;82,2;76,4;81,8;85,6;86,9;0,82;79,9;73,8;79,2;83,2;85,2;0,8;80,6;73,6;81,4;84,7;86;0,81;83,2;77;84;88;86,3;0,84;84,3;85,1;81,1;84,5;87,1;0,84;87,8;83,9;87,6;89,8;91,1;0,88;223,23;220,66;4,06;226,03;220,03;4,1;226,49;229,58;4,27;226,98;227,04;4,23;223,75;226,26;4,17;230,96;229,17;4,34;227,51;234,62;4,37;233,08;238,21;4,52;235,32;244,85;4,67;234,51;244,65;4,65;3,4;3,4;3,6;3,5;3,4;3,5;3,5;3,8;3,9;4,1;3,5;3,6;3,9;4,3;4,7;4,9;5,2;5,5
Amapá;Privada (2);95,2;93,3;94,3;97,3;95,9;0,95;95,9;93,7;97;95,4;97,8;0,96;97,5;96;97,2;98,1;98,5;0,97;97;97;96,8;97,7;96,8;0,97;96,7;95,4;95,6;96,6;99,2;0,97;97,9;98,2;97,8;97,1;98,5;0,98;98,4;98,5;98,7;98,8;97,6;0,98;98,9;98,6;99,4;98,7;98,7;0,99;99,4;99,7;99,7;98,7;99,4;0,99;99;99,1;99,1;98,9;98,8;0,99;244,49;250,67;4,92;268,5;261,06;5,49;-;-;-;274,74;270,54;5,75;270,27;273,33;5,73;277,65;278,79;5,94;281,31;286,1;6,12;285,6;288,07;6,23;280,03;283,45;6,06;279,83;291,07;6,18;4,7;5,3;-;5,6;5,5;5,8;6;6,2;6;6,1;4,7;4,9;5,1;5,5;5,8;6,1;6,3;6,5
Amapá;Estadual;85,3;82,2;85,3;86,4;88,6;0,86;82,6;80,2;81;83,9;86;0,83;83,3;79,4;83,5;85,4;86,7;0,84;82,2;78;81,9;85,3;86,2;0,83;82,2;76,4;81,9;85,7;86,7;0,82;80;74,2;79,3;83,1;85,1;0,8;80,9;74,5;81,4;84,9;85,7;0,81;83,5;77,7;84;88,1;86,2;0,84;84,1;85,3;80,9;84,3;86,9;0,84;88,5;85;88,5;90,1;91,3;0,89;224,09;221,15;4,09;225,76;219,77;4,09;226,7;229,72;4,27;226,85;226,78;4,23;223,47;225,81;4,15;230,88;229,01;4,33;227,41;234,31;4,36;233,04;238,16;4,52;235,17;244,64;4,66;234,51;244,59;4,65;3,5;3,4;3,6;3,5;3,4;3,5;3,5;3,8;3,9;4,1;3,5;3,7;4;4,4;4,7;5;5,2;5,5
Tocantins;Total (3)(4);83,9;82,2;84;86;84,1;0,84;85,5;83,6;85,2;86,4;87,8;0,86;86,5;84,2;86,5;87,1;89;0,87;86,3;83,9;86,4;86,6;88,8;0,86;83,7;81,8;82,2;84,2;87,3;0,84;84,3;82,4;83,4;84,7;87,3;0,84;87,8;85,4;87,5;88,6;90,3;0,88;90,3;88,9;89,9;90,5;92,1;0,9;97,1;97,6;97,1;96,6;97,1;0,97;96,5;96,2;96,2;96,3;97,1;0,96;221,23;219,63;4,01;234,48;225,43;4,33;235,28;235,84;4,52;245,08;239,04;4,74;244,02;238,01;4,7;248,69;244,36;4,88;258,44;257,53;5,27;257,91;252,26;5,17;250,04;250,05;5;251,02;252,17;5,05;3,4;3,7;3,9;4,1;3,9;4,1;4,6;4,7;4,9;4,9;3,4;3,6;3,8;4,2;4,6;4,9;5,1;5,4
Tocantins;Pública (4);83,3;81,5;83,3;85,4;83,6;0,83;84,9;82,9;84,6;85,9;87,4;0,85;86,1;83,7;86,1;86,7;88,8;0,86;85,8;83,3;86;86,2;88,4;0,86;83,1;81;81,5;83,6;86,8;0,83;83,6;81,5;82,7;84,1;86,8;0,84;87,1;84,6;86,8;88;89,7;0,87;89,8;88,3;89,4;90,1;91,8;0,9;97;97,5;97;96,5;96,9;0,97;96,3;96;96;96,2;97,1;0,96;218,68;218,11;3,95;231,64;223,23;4,25;235,28;235,84;4,52;241,94;236,55;4,64;240,31;234,64;4,58;244,55;240,95;4,76;254,12;254,09;5,14;254,26;249,05;5,06;246,83;247,11;4,9;247,34;249,01;4,94;3,3;3,6;3,9;4;3,8;4;4,5;4,5;4,8;4,8;3,3;3,5;3,7;4,1;4,5;4,8;5,1;5,3
Tocantins;Privada (2);96,4;96,8;97,2;96,7;94,6;0,96;96;96,4;96,9;95,5;95,4;0,96;93,5;94,7;93,4;93,5;92;0,93;94,3;94,9;95,1;92,7;94,3;0,94;94,1;94,6;94,4;93,1;94,3;0,94;94,2;95,8;93,5;93,7;93,4;0,94;96,5;95,8;97;97,1;96,5;0,97;96;97;95,9;96;94,8;0,96;98,6;98,8;98,4;97,9;99,4;0,99;98,4;98,5;98,6;98,4;98,2;0,98;269,04;248,19;5,29;283,32;263,32;5,78;-;-;-;293,04;277,08;6,17;294,64;284,14;6,31;300,89;287,43;6,47;302,84;292,87;6,6;303,46;292,36;6,6;294,87;291;6,43;296,05;290,88;6,45;5,1;5,5;-;5,8;5,9;6,1;6,4;6,3;6,3;6,3;5,1;5,3;5,5;5,9;6,2;6,4;6,6;6,8
Tocantins;Estadual;84,6;83,4;84,8;86,6;84;0,85;85,9;84,8;85,4;86,4;87,5;0,86;86,1;84,2;86,1;86,1;88,3;0,86;85,2;83,6;85,4;84,8;87;0,85;81,9;80,4;80,7;82,1;84,9;0,82;81,9;80,6;80,9;81,8;84,5;0,82;86,5;84,6;86,4;86,9;88,1;0,86;89,3;88,5;88,9;89,2;90,4;0,89;96,7;97,5;96,9;96,2;96,4;0,97;96,9;97,4;96,8;96,5;96,8;0,97;218,97;218,57;3,96;231,41;223,01;4,24;233,82;234,62;4,47;240,57;234,85;4,59;238,73;233,14;4,53;241,75;237,64;4,66;251,85;252,03;5,06;251,9;246,58;4,97;245,25;245,35;4,84;246,08;247,4;4,89;3,4;3,6;3,9;3,9;3,7;3,8;4,4;4,4;4,7;4,7;3,4;3,5;3,8;4,2;4,6;4,8;5,1;5,4
Nordeste;Total;69,3;61,9;69,6;73,1;77,1;0,7;72,6;65,8;72,8;76,8;79,1;0,73;75,5;68,8;75,2;79,4;82;0,76;77,7;71,4;77,1;81,5;83,7;0,78;79,6;73,8;78,6;82,8;85,7;0,8;81;75,6;79,7;83,9;87,2;0,81;83,4;78,5;82,3;85,7;89;0,84;87,2;83,4;86;88,7;92,2;0,87;94,5;94,8;93,4;94,3;95,5;0,94;92,3;90,9;91,6;92,3;94,7;0,92;225,21;219,45;4,08;233,28;222,29;4,26;235,86;232,43;4,47;239,13;232,8;4,53;239,78;235,69;4,59;248,09;245,04;4,89;249,17;251,08;5;256,53;255,02;5,19;249,49;252,82;5,04;251,8;254,5;5,11;2,9;3,1;3,4;3,5;3,7;4;4,2;4,5;4,8;4,7;2,9;3;3,3;3,7;4,1;4,3;4,6;4,9
Nordeste;Pública;67,1;59,5;67,5;71;75,5;0,68;71;64,1;71,1;75,4;77,8;0,72;73,5;66,5;73,2;77,7;80,6;0,74;75,7;68,9;75;79,8;82,4;0,76;77,5;71,1;76,4;81;84,4;0,78;78,9;72,8;77,4;82,1;86;0,79;81,4;75,8;80,1;84;87,8;0,82;85,6;81,1;84,2;87,3;91,4;0,86;93,9;94,2;92,6;93,7;95,1;0,94;91,2;89,5;90,4;91,3;94,1;0,91;217,12;212,87;3,83;225,82;215,99;4,03;227,75;225,97;4,23;230,33;225,17;4,26;230,89;227,88;4,31;240,5;237,81;4,64;240,62;243,83;4,74;248,08;247,51;4,93;242,7;246,55;4,82;244,03;247,51;4,86;2,6;2,9;3,1;3,2;3,4;3,7;3,9;4,2;4,5;4,4;2,6;2,8;3;3,4;3,8;4,1;4,3;4,6
Nordeste;Privada;92,2;92,5;92,3;92,4;91,7;0,92;93,2;93,5;93,2;93,6;92,9;0,93;93,3;93,8;93,3;93,2;92,7;0,93;93,3;93,5;93,1;93,4;93;0,93;93,7;93,9;93,3;94;93,6;0,94;94,4;94,6;94,2;94,6;94,2;0,94;95,7;96;95,5;95,8;95,3;0,96;96,4;96,5;96,1;96,5;96,6;0,96;98,3;98,4;98,1;98,2;98,3;0,98;98,2;98,4;98,2;98,1;98;0,98;282,11;265,69;5,8;282,67;264,05;5,78;284,66;271,32;5,93;285,91;273,36;5,99;283,21;273,81;5,95;282,27;277,54;6;286,59;282,79;6,16;292,06;286,61;6,31;282,16;282,95;6,09;285,89;285,12;6,18;5,3;5,4;5,5;5,6;5,6;5,7;5,9;6,1;6;6,1;5,4;5,5;5,7;6,1;6,4;6,6;6,8;7
Nordeste;Estadual;66,8;58,8;67,1;70,5;73;0,67;69;61,7;69;73,5;74,1;0,69;70,7;62,7;70,2;74,8;76,7;0,71;72,9;65,1;72,4;77,1;78,1;0,73;75,2;68,1;73,9;78,3;80,7;0,75;75,5;68,1;73;78,7;81,6;0,75;79,4;73,4;77,7;81,8;84,7;0,79;84;79;82,2;85,8;88,2;0,84;93,8;94,8;92,2;93,5;94,8;0,94;91,3;90,8;91,7;91,9;90,9;0,91;219,58;215,93;3,93;226,93;217,95;4,08;228,94;227,72;4,28;231,35;226,85;4,3;232,37;229,52;4,36;241,18;238,61;4,66;240,2;244,15;4,74;246,07;246,44;4,88;243,1;248,04;4,85;241,41;247,29;4,81;2,6;2,8;3;3,1;3,3;3,5;3,8;4,1;4,6;4,4;2,7;2,8;3,1;3,5;3,8;4,1;4,4;4,6
Maranhão;Total (4);75,6;70,7;74,9;77,4;82,8;0,76;80,3;76,5;80;81,9;85,1;0,81;83,3;79,7;82,5;85,3;87,9;0,84;83,8;80,2;83;85,8;87,9;0,84;84,1;80,6;82,8;86;88,6;0,84;84,3;81,2;82,7;85,6;88,9;0,84;85,6;82,4;84,7;86,7;89,7;0,86;88,5;86;87,5;89,2;92,4;0,89;93,8;94,1;93,4;93,4;94,2;0,94;93,4;92,7;92,9;92,8;95,5;0,93;218,44;218,54;3,95;227,84;220,44;4,14;228,49;228,97;4,29;229,61;227,62;4,29;228,03;228,32;4,27;236,26;236,7;4,55;234,08;239,42;4,56;242,32;244,26;4,78;235,65;241,3;4,62;242,17;246,95;4,82;3;3,3;3,6;3,6;3,6;3,8;3,9;4,2;4,3;4,5;3;3,2;3,5;3,9;4,2;4,5;4,8;5
Maranhão;Pública (4);74,5;69,5;73,8;76,4;81,8;0,75;79,5;75,6;79,2;81,1;84,5;0,8;82,5;78,8;81,7;84,5;87,3;0,83;83;79,2;82,3;85,1;87,3;0,83;83,3;79,7;82;85,3;88,1;0,84;83,4;80;81,7;84,8;88,3;0,84;84,7;81,3;83,8;85,9;89,1;0,85;87,8;85;86,7;88,5;92;0,88;93,4;93,8;93;93,1;93,8;0,93;93;92,1;92,4;92,3;95,3;0,93;213,29;214,31;3,79;223,4;216,58;4;223,26;225,29;4,14;223,8;222,57;4,11;222,39;223,21;4,09;230,93;231,66;4,38;228,68;234,51;4,39;236,42;239,14;4,59;230,44;236,75;4,45;236,5;241,86;4,64;2,8;3,2;3,4;3,4;3,4;3,7;3,7;4;4,2;4,3;2,9;3;3,3;3,7;4,1;4,3;4,6;4,9
Maranhão;Privada;93,8;93,7;93,4;93,8;94,4;0,94;94,3;94,1;94,3;94,6;93,9;0,94;95,1;95,4;94,7;95,5;94,7;0,95;95,1;95,1;94,8;95,4;94,9;0,95;94;93,2;93,5;95;94,7;0,94;94,9;94,8;94,7;95,5;94,7;0,95;96,1;96,1;96;95,9;96,5;0,96;96,7;96,8;96,5;96,9;96,7;0,97;97,5;97,6;97,1;97,8;97,8;0,98;98,1;98;97,9;98,1;98,5;0,98;271,7;262,26;5,57;275,91;262,24;5,64;272,24;259,78;5,53;278,84;270,41;5,82;274,46;270,42;5,75;275,43;273,73;5,82;276,75;278,22;5,92;284,76;281,07;6,1;276,52;277,05;5,89;281,44;282,22;6,06;5,2;5,3;5,3;5,5;5,4;5,5;5,7;5,9;5,7;5,9;5,2;5,4;5,6;6;6,3;6,5;6,7;6,9
Maranhão;Estadual;80,2;76,2;79,5;80,7;84,6;0,8;82,8;79,8;82,6;83,2;86;0,83;85,4;82;84,6;86,3;88,5;0,85;85,2;82,3;84,3;86;88,1;0,85;86,2;84,3;85,2;86,3;88,5;0,86;82,6;77,8;80,6;84,1;86,3;0,82;87,1;83,5;85,9;88,7;88,9;0,87;92,6;91,4;93,2;93,3;92,2;0,93;93,1;93,2;92,7;93,3;93;0,93;93,1;92;92,8;94;93,3;0,93;219,59;219,72;3,99;225,92;220,16;4,1;226,34;229,88;4,27;227,67;227,58;4,25;230,59;233,34;4,4;237,08;241,31;4,64;240,86;250,47;4,86;243,43;249,07;4,88;243,78;253,87;4,96;250,64;260,26;5,18;3,2;3,4;3,6;3,6;3,8;3,8;4,2;4,5;4,6;4,8;3,2;3,4;3,6;4,1;4,4;4,7;5;5,2
Piauí;Total (4);73,2;64,7;73,2;77,5;83,6;0,74;76,9;69,6;76,4;81,7;85,4;0,78;80,3;73,7;79,8;84,4;87;0,81;81,1;74,1;80;85,4;89;0,82;81,1;74;80,5;84,9;88,6;0,82;83,5;76,8;82,2;86,6;90,7;0,84;85,8;80,5;84,7;88,4;91,5;0,86;89,8;85,9;89,2;91,4;94,1;0,9;96,9;96,8;96,5;97;97,4;0,97;96;94,7;95,3;96,2;97,9;0,96;228,34;220,6;4,15;240,57;226,2;4,45;244,48;238,12;4,71;250,85;239,87;4,85;248,69;243,06;4,86;252,99;248,5;5,02;259,17;257,37;5,28;267,63;262,2;5,5;254,96;256,05;5,18;262,33;261,86;5,4;3,1;3,5;3,8;4;4;4,2;4,5;5;5;5,2;3,1;3,3;3,5;3,9;4,3;4,6;4,8;5,1
Piauí;Pública (4);71,4;62,7;71,5;76;83;0,73;75,8;68,2;75,3;80,8;84,9;0,77;79;72,1;78,5;83,5;86,5;0,8;79,7;72,2;78,5;84,4;88,5;0,8;79,7;72;79;83,8;88,2;0,8;82,2;74,8;80,8;85,6;90,4;0,82;84,5;78,7;83,3;87,5;91,2;0,85;89;84,7;88,4;90,8;93,8;0,89;96,8;96,6;96,3;96,9;97,4;0,97;95,7;94,1;94,9;95,9;98,1;0,96;218,13;211;3,82;231,62;218,26;4,16;233,95;230,59;4,41;239,4;230,27;4,49;237,03;233,17;4,5;242,95;240,27;4,72;248,98;248,82;4,96;257,76;253,62;5,19;247,1;249,4;4,94;254,36;255,01;5,16;2,8;3,2;3,5;3,6;3,6;3,9;4,2;4,6;4,8;4,9;2,8;2,9;3,2;3,6;4;4,2;4,5;4,8
Piauí;Privada;90;90,7;91,5;90,5;87,5;0,9;91,7;91,3;93;92,5;90,3;0,92;91,9;93,1;92;91,7;90,7;0,92;92,3;92,2;92,9;92,1;92;0,92;92;92,5;92,1;92,1;91,4;0,92;93,4;93,9;94,2;93,5;92,2;0,93;94,4;95,2;94,6;94,2;93,6;0,94;95,4;95,4;95,4;95,1;95,5;0,95;97,8;98,3;97,5;97,9;97,5;0,98;97,9;98,5;97,9;97,9;97;0,98;283,15;272,11;5,92;284,35;265,03;5,82;293,03;272,82;6,1;302,37;283,06;6,42;302,37;288,67;6,52;298,5;285,81;6,41;305,83;296,51;6,71;309,48;298,56;6,8;296,64;291,25;6,46;299,77;294,04;6,56;5,3;5,3;5,6;5,9;6;6;6,3;6,5;6,3;6,4;5,4;5,5;5,7;6,1;6,4;6,6;6,8;7
Piauí;Estadual;67,9;58,7;67,6;71,4;78,6;0,68;74,3;67,2;73,4;78,1;82,5;0,75;77,1;70,8;75,6;81,3;83,6;0,77;78,9;71,6;77,3;83,2;86,2;0,79;77,9;71,5;77,1;80,7;83,4;0,78;81;74,4;77,6;82,7;87,8;0,8;82,2;77;79,4;84,2;87,3;0,82;86,2;82,1;84,8;86,8;90,5;0,86;97,4;97,5;97,3;97,5;97,3;0,97;98,4;98;97,9;98,3;99,2;0,98;217,55;214,68;3,87;230,76;218,79;4,16;232,22;230,24;4,37;239,37;230,66;4,5;236,52;232,07;4,48;241,75;239,63;4,69;246,7;248,35;4,92;251,35;250,56;5,03;248,42;252,81;5,02;256,72;260,17;5,28;2,6;3,1;3,4;3,6;3,5;3,8;4;4,3;4,9;5,2;2,7;2,8;3,1;3,5;3,8;4,1;4,4;4,7
Ceará;Total (4);76,2;71,8;76;78,9;79,7;0,76;81,4;76,9;81,2;83,2;86,1;0,82;84,5;80,3;84;85,8;89,2;0,85;86,5;82,7;85,7;87,5;91,2;0,87;88,4;85,4;87,9;89;92,3;0,89;90,2;87,5;89,4;90,8;93,9;0,9;92,4;90,4;91,8;92,3;95,7;0,93;94,8;93,5;94;94,4;97,6;0,95;99,4;99,4;99,3;99,3;99,5;0,99;98,7;98,6;98,5;98,5;99,2;0,99;225,47;217,93;4,06;234,9;224,2;4,32;238,83;237,96;4,61;246,76;241,25;4,8;250,69;247,9;4,98;259,16;257,78;5,28;262,67;266,33;5,48;269,74;269,5;5,65;263,81;267,33;5,52;266,43;268,8;5,59;3,1;3,5;3,9;4,2;4,4;4,8;5,1;5,4;5,5;5,5;3,1;3,3;3,6;4;4,3;4,6;4,9;5,1
Ceará;Pública (4);74,1;69,3;74;77,1;78,1;0,74;79,8;74,9;79,6;81,8;85,2;0,8;83,1;78,3;82,5;84,6;88,5;0,83;85,2;80,7;84,3;86,3;90,7;0,85;87,2;83,6;86,5;87,9;91,9;0,87;89,2;85,7;88,2;89,8;93,6;0,89;91,6;89;90,8;91,5;95,7;0,92;94,2;92,7;93,3;93,8;97,6;0,94;99,4;99,5;99,3;99,4;99,5;0,99;98,7;98,5;98,4;98,4;99,3;0,99;216,5;209,96;3,77;226,59;217,34;4,07;230,79;231,67;4,37;237,45;233,45;4,52;241,39;240,29;4,69;252,8;252,55;5,09;256,99;261,59;5,31;264,26;264,74;5,48;258,43;262,32;5,35;262,3;265,65;5,47;2,8;3,3;3,6;3,9;4,1;4,5;4,9;5,2;5,3;5,4;2,8;3;3,3;3,6;4;4,3;4,6;4,8
Ceará;Privada;93,4;94,2;93,4;93,1;92,5;0,93;93,5;93,8;93,5;93,6;93;0,93;94;94,3;94,1;93,8;93,6;0,94;94,3;94,5;94,2;94,2;94,1;0,94;94,8;95;95;94,7;94,6;0,95;95,6;96;95,3;95,5;95,6;0,96;96,7;96,9;96,6;96,7;96,2;0,97;97,4;97,6;97,3;97,2;97,4;0,97;99;99;99;99;99;0,99;98,9;99,1;99;98,9;98,6;0,99;285,32;271,15;5,94;284,52;265,11;5,83;277,95;268,59;5,78;286,21;274,34;6,01;288,04;278,48;6,11;284,88;278,9;6,06;286,37;286,1;6,21;290,81;287,79;6,31;288,97;290,79;6,33;285,65;283,47;6,15;5,5;5,4;5,4;5,7;5,8;5,8;6;6,1;6,3;6,1;5,6;5,7;5,9;6,3;6,6;6,8;6,9;7,1
Ceará;Estadual;75,4;72,5;75,3;76,9;76,1;0,75;81,3;77,9;80,6;82,3;83;0,81;82,2;77,7;79,5;82;86;0,81;81,1;77;78,8;80,7;84,4;0,8;83,5;82,1;82,2;83,2;85;0,83;84,2;82,4;79,9;83,7;86;0,83;87,7;86,9;86;86;89,2;0,87;91;90,3;89,4;91;91,7;0,91;98,4;98,9;99;97,8;98,2;0,98;97,5;97,9;98;97,4;97,2;0,98;213,88;207,58;3,69;228,82;220,7;4,16;233,03;235,72;4,48;240,14;238,4;4,64;242,08;242,16;4,74;249,33;251,65;5,02;249,42;258,1;5,13;253,63;258,12;5,2;256,46;264,38;5,35;258,7;264,65;5,39;2,8;3,4;3,6;3,7;3,9;4,2;4,5;4,7;5,3;5,3;2,8;2,9;3,2;3,6;4;4,3;4,5;4,8
R. G. do Norte;Total (4);67,9;56;66,9;78,4;81,3;0,69;68,8;56,4;67,9;79,7;81,8;0,7;70;57,1;68,6;80,8;82,6;0,71;72,5;60,5;70,7;81,9;85,5;0,73;74,5;63,8;73,2;82,6;85,9;0,75;75,9;66;74,3;84,1;85,7;0,77;77;67,4;74,7;84,3;87,3;0,78;80,2;71;77,8;86,3;90,4;0,81;86,3;86,9;82,5;86,8;90,2;0,87;83,3;77,9;81,3;85,3;90,6;0,84;226,42;219,01;4,09;238,81;225,76;4,41;241,99;235,92;4,63;242,79;235,01;4,63;244,84;240,33;4,75;249,23;245,66;4,91;248,12;249,23;4,96;252,95;251,09;5,07;249,45;253,27;5,05;246,1;250,31;4,94;2,8;3,1;3,3;3,4;3,6;3,8;3,8;4,1;4,4;4,1;2,9;3;3,3;3,7;4;4,3;4,6;4,9
R. G. do Norte;Pública (4);64,7;52,5;63,7;76,1;79,4;0,66;65,5;52,8;64,6;77,5;79,7;0,67;66,2;52,7;64,8;78,1;80,6;0,67;68,6;55,8;66,5;79,4;83,6;0,7;70,7;59,3;69,4;79,8;83,9;0,72;72;61;70,3;81,5;83,7;0,73;73;62,3;70,3;81,4;85,3;0,74;76,4;65,9;73,8;83,6;88,7;0,77;83,8;84,3;79,6;84,5;88,3;0,84;79,8;73,2;77,3;82,2;88,7;0,8;217,99;211,86;3,83;230,19;218,3;4,14;231,3;227,76;4,32;232,06;225,42;4,29;233,81;230,21;4,4;240,6;236,82;4,62;236,28;240,21;4,61;241,33;240,5;4,7;239,58;244,34;4,73;235,11;240,16;4,59;2,5;2,8;2,9;3;3,2;3,4;3,4;3,6;4;3,7;2,6;2,7;3;3,4;3,7;4;4,3;4,5
R. G. do Norte;Privada;92,6;92,2;92,5;92,9;93;0,93;92,9;92,6;92,5;92,7;93,7;0,93;93,1;93,2;92,8;93,8;92,6;0,93;92,8;92,8;91,8;93;93,6;0,93;93,5;93;93,4;93,9;93,7;0,93;94,1;94,2;93,9;94,8;93,5;0,94;95,4;95,2;95,4;96;95,3;0,95;96,3;96;95,8;96,7;97;0,96;97,6;97,6;97,3;97,5;98;0,98;97,7;97,7;97,8;97,7;97,8;0,98;271,16;256,91;5,47;281,46;262,7;5,74;287,69;270,79;5,97;283,71;271,57;5,92;282,26;274,64;5,95;280,14;277,29;5,96;288,91;280,29;6,15;291,4;286,12;6,29;285,87;286,21;6,2;283,46;284,81;6,14;5,1;5,3;5,6;5,5;5,6;5,6;5,9;6,1;6,1;6;5,1;5,2;5,5;5,8;6,2;6,4;6,6;6,8
R. G. do Norte;Estadual;66,5;53,6;64,5;78,2;79,3;0,67;65,7;51,4;64;79;78,9;0,66;66,1;51,6;62,4;78,8;79,6;0,66;68,3;54,5;65,3;79,7;81,7;0,68;70,6;58,6;68,3;80,4;82,1;0,71;70,1;59,3;65,9;80,3;80,6;0,7;72,7;61,5;68,3;81,7;83,4;0,73;76,4;65,9;71,9;84;86,7;0,76;81,3;83,7;75,8;81,7;85,7;0,82;80,8;74,8;77,1;83;88,3;0,8;218,6;211,62;3,84;230,28;218,61;4,15;232,06;228,73;4,35;231,36;225,33;4,28;233,85;230,89;4,41;239,56;236,5;4,6;235,66;240,18;4,6;240,38;239,84;4,67;240,48;245,89;4,77;235,47;241,59;4,62;2,6;2,7;2,9;2,9;3,1;3,2;3,3;3,6;3,9;3,7;2,6;2,7;3;3,4;3,8;4;4,3;4,6
Paraíba;Total (4);66,8;57,2;66,3;72,8;77,3;0,68;68,8;59,7;69,5;74,3;77,8;0,7;71;62,5;71,2;76,6;78,6;0,72;75;66,6;74,5;80,6;83,2;0,76;77,4;70,1;76,4;81,3;85,2;0,78;79,7;73,6;79,2;82,8;85,8;0,8;80,5;74,4;80;83,2;86,9;0,81;83,4;78,6;82;85,2;89,6;0,84;96,2;96,2;95,7;96,2;96,9;0,96;89,7;88,5;89,2;89,1;92,5;0,9;224,04;219,54;4,06;232,75;222,09;4,25;236,69;232,24;4,48;238,11;231,35;4,49;237,92;233,06;4,52;246,15;241,56;4,8;245,91;247,02;4,88;256,14;254,02;5,17;246,43;249,88;4,94;248,57;251,94;5,01;2,7;3;3,2;3,4;3,5;3,8;3,9;4,3;4,8;4,5;2,8;2,9;3,2;3,6;4;4,2;4,5;4,8
Paraíba;Pública (4);64,1;54,4;63,6;70,5;75,3;0,65;67,5;58,4;68,4;73,2;76,9;0,68;68,8;60,1;69,1;74,7;77;0,7;72,3;63,3;71,9;78,5;81,3;0,73;74,4;66,4;73,4;78,8;83,4;0,75;76,9;70,2;76,3;80,4;84;0,77;77,7;71;77,2;80,8;85,1;0,78;80,7;75,1;79,2;82,9;88;0,81;95,8;95,8;95,3;95,8;96,6;0,96;88;86,4;87,2;87,3;91,3;0,88;217,56;215,15;3,88;226,93;217,04;4,07;228,4;225,62;4,23;229,76;223,78;4,23;228,08;224,23;4,21;236,86;232,42;4,49;235,18;237,92;4,55;245,55;244,65;4,84;239,06;243,16;4,7;239,47;244,32;4,73;2,5;2,8;2,9;3,1;3,2;3,5;3,6;3,9;4,5;4,2;2,5;2,7;2,9;3,3;3,7;4;4,2;4,5
Paraíba;Privada;93,4;93,7;93,5;93,3;93,1;0,93;93,7;95,1;93,7;93,7;92,7;0,94;94,2;95,2;94,4;94;92,9;0,94;94,3;94,9;93,7;94,3;94,1;0,94;94,1;94,8;93,8;93,9;94;0,94;94,8;95,3;94,5;94,9;94,4;0,95;95,9;96,5;95,9;95,7;95,7;0,96;96,5;97;96,2;96,3;96,7;0,97;98,4;98,5;98,4;98,1;98,4;0,98;98,3;98,5;98,4;98,2;98,2;0,98;274,95;254,04;5,48;274,9;258,67;5,56;289,02;274,02;6,05;281,03;270,22;5,85;280,94;271,63;5,88;283,67;278,52;6,04;289,73;284,16;6,23;296,9;290,09;6,45;280,92;281,32;6,04;286,93;284,05;6,18;5,1;5,2;5,7;5,5;5,5;5,7;6;6,2;5,9;6,1;5,1;5,3;5,5;5,9;6,2;6,4;6,6;6,8
Paraíba;Estadual;64,4;54,9;63,1;69,7;73,9;0,65;67;57,6;67,9;71,9;75,1;0,67;67,1;57,9;67,1;72,1;74;0,67;69,4;59,3;69,2;75,1;78,2;0,7;72,5;64,6;71;76,2;80,7;0,73;75,5;68,5;75,2;78,3;81,4;0,76;76,1;69,3;75,7;78,3;82,8;0,76;77,9;71,8;75,9;79,1;84,7;0,78;97,8;98,3;97,5;97,7;98;0,98;83,8;82,6;83,8;82,3;85,9;0,84;218,12;216,91;3,92;227,66;217,72;4,09;228,72;225,88;4,24;227,76;222,55;4,17;227,02;223,04;4,17;234,72;229,03;4,4;233,54;235,31;4,48;245,73;245,34;4,85;239,08;244,49;4,73;236,91;243,3;4,67;2,5;2,8;2,8;2,9;3;3,3;3,4;3,8;4,6;3,9;2,6;2,7;3;3,4;3,7;4;4,3;4,5
Pernambuco;Total (4);67,4;61,2;67,7;73,3;70,4;0,68;67,8;62;67,6;74;70,3;0,68;74,7;69,7;74,6;79,5;77,3;0,75;78,7;74,5;78,3;83,2;80,3;0,79;81,4;76,8;80,6;85,2;84,1;0,82;84;80,1;82,9;86,5;87,7;0,84;87,7;84,3;86,8;89,7;91,1;0,88;91,8;89,5;91,1;92,6;94,4;0,92;96,3;96,6;95,6;96;97,2;0,96;94,7;94;94,2;94,2;96,6;0,95;225,31;215,85;4,02;231,34;219,51;4,18;237,27;232,08;4,49;237,64;230,54;4,47;241,98;236,01;4,63;249,57;246,18;4,93;249,95;252,03;5,03;258,79;256,24;5,25;253,26;254,72;5,13;256,24;259,42;5,26;2,7;2,9;3,4;3,5;3,8;4,1;4,4;4,8;4,9;5;2,8;2,9;3,2;3,6;3,9;4,2;4,5;4,7
Pernambuco;Pública (4);63,9;57,5;64,3;70,2;67,1;0,64;65,6;59,8;65,5;72,1;68,1;0,66;71,7;66,3;71,6;76,9;74,7;0,72;76;71;75,5;81;78,2;0,76;78,6;73,1;77,7;83;82,3;0,79;81,5;76,9;80;84,4;86,2;0,82;85,8;81,6;84,8;88,1;90,1;0,86;90,6;87,6;89,9;91,6;93,9;0,91;95,9;96,2;95;95,5;97;0,96;93,8;92,8;93,1;93,2;96,2;0,94;214,66;206,87;3,69;221,9;211,68;3,89;226,31;223,36;4,16;228,04;222,05;4,17;231,88;226,92;4,31;242,45;238,48;4,68;241,8;244,75;4,78;250,53;248,85;4,99;246,74;248,7;4,92;247,87;251,34;4,99;2,4;2,6;3;3,2;3,4;3,8;4,1;4,5;4,7;4,7;2,4;2,6;2,8;3,2;3,6;3,8;4,1;4,4
Pernambuco;Privada;92,7;93,4;92,8;93,4;91,2;0,93;93,7;94,5;93,6;93,8;92,7;0,94;93,8;94,6;94;93,7;92,8;0,94;93,6;94,3;93,8;93,8;92;0,93;94,2;94,8;93,9;94,7;93,4;0,94;95,2;95,5;95,1;95,5;94,5;0,95;96,3;97,1;96,2;96,4;95,4;0,96;96,9;97,2;96,5;97;96,6;0,97;98,2;98,5;98;98,1;98,2;0,98;98,4;98,6;98,5;98,4;98,1;0,98;285,03;266,17;5,85;282,75;262,14;5,75;294,02;277,25;6,19;280,78;268,75;5,83;285,37;275,08;6,01;277,1;275,94;5,88;279,42;278,38;5,96;289,29;283,55;6,21;280,14;279,57;6;287,37;289,49;6,28;5,4;5,4;5,8;5,4;5,7;5,6;5,7;6;5,9;6,2;5,5;5,6;5,8;6,2;6,5;6,7;6,9;7
Pernambuco;Estadual;62;56;63,3;68,4;62,7;0,62;63,4;57,6;64,7;69,2;63,8;0,64;71,6;66,4;72,6;76,2;72,5;0,72;77,5;72,8;78,8;81,7;77,4;0,78;81,4;76,2;81,1;84,5;83,1;0,81;85,9;83,4;84,8;87;87,7;0,86;92,1;90,7;91,5;93;93;0,92;93,5;92,8;93,3;94;94;0,94;95,2;95,6;94,3;94,5;96,3;0,95;95,7;95,2;95,2;95,3;97,1;0,96;216,03;210,82;3,78;222,89;213,51;3,94;228,15;225,94;4,23;230,47;225,11;4,26;234,65;230,43;4,42;244,04;241,33;4,76;243,13;247,6;4,85;251,64;252,12;5,06;250,16;253,53;5,06;250,88;257,24;5,14;2,4;2,5;3;3,3;3,6;4,1;4,5;4,7;4,8;4,9;2,4;2,6;2,8;3,3;3,6;3,9;4,2;4,5
Alagoas;Total (4);62,8;55,1;62,3;67;73,1;0,64;67,2;61,6;67,1;70,1;74,6;0,68;68,9;62,6;68,8;72,7;75,9;0,7;68,7;60,4;69,1;73,3;76,6;0,69;71,5;64,3;71;75,4;78,6;0,72;75,6;69,7;74,6;78,3;82,7;0,76;84,8;80,8;84,1;86,6;89,5;0,85;91,6;89,2;90,9;92,2;95;0,92;96,6;97,6;96;96,1;96,9;0,97;96;95,7;95,9;95,4;97,4;0,96;218,71;210,04;3,81;226,49;214,47;4,02;229,24;224,6;4,23;228,24;221,17;4,16;230,87;225,21;4,27;241,05;236,87;4,63;249,93;249,57;4,99;256,38;251,85;5,14;248,92;249,22;4,97;256,75;255,57;5,21;2,4;2,7;2,9;2,9;3,1;3,5;4,2;4,7;4,8;5;2,5;2,6;2,9;3,3;3,7;3,9;4,2;4,5
Alagoas;Pública (4);60,8;53,2;60,4;65,1;71,5;0,62;65,2;59,6;65,3;68;72,7;0,66;66,6;60,4;66,5;70,4;73,9;0,67;65,8;57,1;66,3;70,8;74,2;0,66;68,4;61;67,8;72,5;76,2;0,69;72,7;66,4;71,9;75,7;80,6;0,73;82,9;78,5;82,2;84,9;88,3;0,83;90,7;88;89,9;91,4;94,7;0,91;96,4;97,4;95,7;95,8;96,8;0,96;95,7;95,2;95,6;95;97,4;0,96;212,78;205,6;3,64;221,89;210,56;3,87;223,3;219,67;4,05;219,46;213,55;3,88;222,32;218,05;4,01;233,22;228,24;4,36;240,05;241,76;4,7;248,94;245,69;4,91;242,74;243,12;4,76;251,42;249,67;5,02;2,3;2,6;2,7;2,6;2,8;3,2;3,9;4,5;4,6;4,8;2,3;2,5;2,7;3,2;3,5;3,8;4,1;4,3
Alagoas;Privada;90,8;90,4;90,9;91,7;90,2;0,91;92,9;93,3;93;92,8;92,4;0,93;92,3;92,6;92,3;92,9;91,3;0,92;92,4;91,5;92,9;92,8;92,6;0,92;93,3;93,7;93;93,3;93,4;0,93;93,9;94,2;93,5;94,2;93,9;0,94;95,5;95,4;95,5;95,9;95,3;0,96;96,3;96,4;96,2;96,3;96,1;0,96;98,1;98,4;97,8;98,1;97,9;0,98;97,8;98,7;97,7;97,7;97;0,98;272,37;250,26;5,38;263,19;245,68;5,15;269,13;257,71;5,45;278,73;265,01;5,73;274,79;261,98;5,61;273,42;272,56;5,77;288,79;280,29;6,15;286,12;276,49;6,04;276,96;276,92;5,9;279,14;280,37;5,99;4,9;4,8;5;5,3;5,2;5,4;5,9;5,8;5,8;5,9;4,9;5,1;5,3;5,7;6;6,2;6,4;6,6
Alagoas;Estadual;63,9;56,2;62,7;67,3;72,6;0,64;67,2;61,8;66,8;69,9;72,1;0,67;64,6;57,5;63,8;68;71;0,65;63,3;53,8;64;69,9;70;0,64;66,5;57,4;65,1;71,3;73,9;0,66;70,2;62,1;68,9;73,4;77,8;0,7;83,7;79,8;82,8;85,1;87,6;0,84;89,9;87,6;88,6;90,3;93,2;0,9;90,8;93,5;88,9;89,8;91,6;0,91;93,5;92,5;93,1;92,6;95,5;0,93;220,86;211,3;3,87;223,36;213,22;3,94;224,78;222,88;4,13;221,79;217,55;3,99;223,9;221,54;4,09;233,46;230,82;4,4;240,75;245,89;4,78;247,1;247,47;4,91;239,9;243,7;4,73;244,42;248,66;4,88;2,5;2,7;2,7;2,5;2,7;3,1;4;4,4;4,3;4,6;2,5;2,7;2,9;3,3;3,7;4;4,2;4,5
Sergipe;Total (4);66,4;58,8;66,5;71,3;74,7;0,67;69,2;59,8;69,8;77,1;78,4;0,7;66,8;57,5;67,4;73,2;77,1;0,68;69;59,7;68,8;75,1;79,4;0,7;68,4;59,8;66,7;73,8;78,2;0,69;70,2;61,8;68,4;75,4;80,7;0,71;74,9;67,5;74;79,5;83,8;0,76;78,5;72,6;76,8;81,6;86,9;0,79;96,7;97,2;95,9;96,7;97,4;0,97;87,1;85;86,1;86,2;91,9;0,87;240,67;231,14;4,53;237,99;225,07;4,38;242,54;235,83;4,64;244,93;235,16;4,67;242,18;236,55;4,65;250,52;246,02;4,94;253,57;254,19;5,13;256,87;253,49;5,17;246,09;247,99;4,9;248,8;252,05;5,01;3;3,1;3,2;3,3;3,2;3,5;3,9;4,1;4,7;4,4;3,1;3,2;3,5;3,9;4,3;4,5;4,8;5,1
Sergipe;Pública (4);63,6;56;63,6;68,5;72,4;0,65;66,5;57;67,4;74,8;76,1;0,68;63,4;53,9;64,2;70;74,6;0,65;65,3;55,5;65,4;72;76,7;0,66;63,6;54,5;62;69,4;74,8;0,64;65,1;56,1;62,9;70,9;77,2;0,66;70;62,1;69,1;74,7;80,7;0,71;74,3;67,3;72,3;78;84,4;0,75;96,3;96,8;95,4;96,3;97;0,96;84,4;81,7;83,1;83,2;90,4;0,84;231,2;223,74;4,25;230,3;218,17;4,14;232,69;228,23;4,35;234,55;226,07;4,34;232,14;226,94;4,32;241,27;237,11;4,64;241,73;243,68;4,76;244,57;242,79;4,79;236,21;237,96;4,57;238,38;242,7;4,68;2,7;2,8;2,8;2,9;2,8;3,1;3,4;3,6;4,4;4;2,8;2,9;3,2;3,6;4;4,2;4,5;4,8
Sergipe;Privada;91,6;91,1;91,7;92,3;91,5;0,92;91,3;90,4;90;92,9;92;0,91;90;89,6;89,7;90,8;89,9;0,9;89,9;89,7;88,9;90,4;90,9;0,9;91,8;92;89,8;93,3;92,2;0,92;92,9;92,5;92,3;93,3;93,8;0,93;94,1;93,4;93,4;96,2;93,8;0,94;94,7;94,6;94,5;94,7;95,1;0,95;98,6;98,7;98,2;98,4;99;0,99;97,8;98,1;97,7;97,8;97,6;0,98;298,41;276,24;6,24;279,18;262;5,69;283,55;267,47;5,85;281,7;267,52;5,82;276,04;268,97;5,75;277,92;272,42;5,84;285,37;282,42;6,13;289,18;281,58;6,18;276,59;278,97;5,93;279,38;279,48;5,98;5,7;5,2;5,3;5,2;5,3;5,4;5,8;5,9;5,8;5,8;5,7;5,9;6,1;6,4;6,7;6,9;7,1;7,3
Sergipe;Estadual;66,1;59,4;66;69,6;72;0,66;68,3;59,3;68,1;75,2;76,2;0,69;62,9;53,4;63,3;68,3;72,8;0,64;65,4;55,6;64,6;70,6;75,3;0,66;62,1;52,8;59,2;66,2;72;0,62;62,6;54,3;59,9;66,9;72,1;0,63;72;64,9;70,9;75,2;79,9;0,72;74,9;69,2;72;77,1;82,8;0,75;98;98,6;97,3;98,1;98;0,98;88,2;87,3;88,4;86,4;90,7;0,88;234,01;225,41;4,32;229,65;218,2;4,13;231,67;227,45;4,32;236,02;227,88;4,4;232,08;226,74;4,31;241,92;238,14;4,67;243,55;245,2;4,81;243,76;242,15;4,77;238,01;239,69;4,63;240,85;246,39;4,79;2,9;2,9;2,7;2,9;2,7;2,9;3,5;3,6;4,5;4,2;2,9;3;3,3;3,7;4,1;4,4;4,6;4,9
Bahia;Total (4);65,3;57,3;67,1;67,4;76,1;0,66;68,9;62;69,7;72,4;76,5;0,7;70,6;63,2;70,6;74;79;0,71;73,2;67,1;72,6;76,5;80;0,74;75,8;69,8;74,6;78,6;83,2;0,76;75,7;69,8;73,9;78,8;83,1;0,76;76,8;71,5;75,5;79,5;83,5;0,77;81,4;76,8;79,8;83,4;88;0,82;90,7;91,2;88,9;90,5;92,5;0,91;88,2;86,5;87,4;88,8;90,4;0,88;227,15;224,8;4,2;234,53;223,88;4,31;233,99;230,56;4,41;238,76;232,67;4,52;236,26;231,94;4,47;246,15;241,89;4,8;245;245,99;4,85;251,69;250,55;5,04;244,86;249,5;4,91;242,68;245,23;4,8;2,8;3;3,1;3,3;3,4;3,7;3,7;4,1;4,5;4,2;2,8;3;3,2;3,6;4;4,3;4,5;4,8
Bahia;Pública (4);63,6;55,4;65,5;65,6;74,7;0,65;67,7;60,8;68,6;71,4;75,5;0,69;69;61,4;69;72,6;77,8;0,7;71,4;65,1;70,9;74,9;78,6;0,72;73,9;67,5;72,7;76,9;82;0,74;73,6;67,3;71,7;77;81,7;0,74;74,4;68,5;73;77,3;81,9;0,75;79,3;74,1;77,5;81,5;86,7;0,8;89,6;90;87,8;89,5;91,7;0,9;86,6;84,7;85,7;87,3;89,3;0,87;220,05;219,44;3,99;227,19;217,55;4,08;227,44;224,79;4,2;230,64;225,6;4,27;229,18;225,67;4,25;238,51;234,87;4,56;236,08;238,46;4,58;242,72;242,22;4,75;238,16;243,17;4,69;233;236,62;4,49;2,6;2,8;2,9;3,1;3,2;3,4;3,4;3,8;4,2;3,9;2,6;2,8;3;3,4;3,8;4,1;4,3;4,6
Bahia;Privada;90,6;90,5;90,1;90,5;91,5;0,91;93,3;93,8;92,7;93,6;93,2;0,93;92,4;92,8;92,3;91,6;92,7;0,92;92,5;92,8;92,1;92,5;92,5;0,92;92,9;93,2;92,1;93;93,2;0,93;93;93;92,4;93,1;93,6;0,93;94,8;95,2;94,4;94,8;94,9;0,95;95,8;95,7;95,2;95,9;96,4;0,96;98,3;98,5;98,1;98,1;98,4;0,98;97,7;97,8;97,7;97,7;97,7;0,98;285,57;268,92;5,91;292,72;274,12;6,11;286,39;276,71;6,05;295,1;281,8;6,28;280,2;270,83;5,85;287,35;279,75;6,12;289,51;283,58;6,22;294,51;290,3;6,41;279,81;282,53;6,04;286,83;284,55;6,19;5,4;5,7;5,6;5,8;5,4;5,7;5,9;6,1;5,9;6;5,4;5,5;5,8;6,1;6,4;6,6;6,8;7
Bahia;Estadual;63,6;55,5;65,3;64,5;72,8;0,64;65,1;59,2;65,4;68;70,9;0,66;65;57,5;65,2;67,9;72,1;0,65;67;60,7;66,8;70,3;71,7;0,67;72,2;67,2;70,9;73,5;77,3;0,72;68,8;62,2;66,8;71,1;75,1;0,68;70,5;65;69,6;72;75,6;0,7;78,5;72,5;77,4;80,5;82,5;0,78;94,3;96,2;93,7;94;94,3;0,95;92,7;97,1;97,4;96,2;82,1;0,93;224,33;224,22;4,14;228,55;219,85;4,14;228,05;225,75;4,23;231,19;226,41;4,29;229,51;226,95;4,27;240,17;236,06;4,6;236,44;239,05;4,59;241,16;241,33;4,71;238,16;244,52;4,71;226,74;232,54;4,32;2,6;2,7;2,8;2,9;3,1;3,2;3,2;3,7;4,5;4;2,7;2,8;3,1;3,5;3,9;4,2;4,4;4,7
Sudeste;Total;83,5;83,6;84,2;85,3;80,7;0,83;84,8;84,7;86,2;86,8;81,5;0,85;85,5;84,7;86,7;86,8;83,8;0,85;87,6;87,4;88,4;88,4;86,1;0,88;89,9;89,5;90,1;90,7;89,5;0,9;89,6;88,7;89;90,4;90,3;0,9;90,1;89,2;90,1;91,1;90,2;0,9;92,6;91,6;92,3;93,3;93,5;0,93;97,4;97,8;97,1;97,3;97,4;0,97;95,4;95,4;95,6;95,1;95,3;0,95;246,17;237,53;4,73;252,86;239,61;4,87;254,55;248,99;5,06;259,36;251,44;5,18;257,62;250,35;5,13;262,97;257,41;5,34;267,11;265,43;5,54;270,2;266,61;5,61;263,76;265,05;5,48;262,91;264,32;5,45;3,9;4,1;4,3;4,5;4,6;4,8;5;5,2;5,3;5,2;4;4,1;4,4;4,8;5,2;5,4;5,7;5,9
Sudeste;Pública;81,8;81,9;82,7;83,8;78,5;0,82;83,2;83,2;84,8;85,3;79,3;0,83;84,1;83,1;85,5;85,6;82,1;0,84;86,4;86,1;87,4;87,4;84,6;0,86;89;88,4;89,3;90;88,4;0,89;88,4;87,1;87,6;89,4;89,3;0,88;88,7;87,5;88,8;89,9;88,6;0,89;91,5;90,2;91,2;92,4;92,6;0,92;97,1;97,6;96,8;96,9;97;0,97;94,6;94,6;94,9;94,3;94,6;0,95;237,14;230,45;4,46;245,18;233,31;4,64;247,2;243,34;4,84;250,5;244,53;4,92;249,24;243,62;4,88;254,82;250,65;5,09;256;256,91;5,22;261,14;259,43;5,34;256,63;259,49;5,27;253,64;257,18;5,18;3,6;3,9;4,1;4,2;4,3;4,5;4,6;4,9;5,1;4,9;3,7;3,8;4,1;4,5;4,9;5,1;5,4;5,6
Sudeste;Privada;95,4;95,9;95,1;95,3;95,2;0,95;95,7;96,3;95,4;95,5;95,6;0,96;95;95,7;94,5;95;94,9;0,95;94,7;95,2;94,3;94,5;94,9;0,95;94,7;95,2;94,3;94,4;94,7;0,95;95,4;95,9;95;95,3;95,4;0,95;96,6;97,1;96,3;96,5;96,6;0,97;97,4;97,6;97,2;97,3;97,3;0,97;98,9;99;98,7;98,8;98,9;0,99;98,5;98,7;98,5;98,4;98,3;0,98;302,27;281,51;6,4;301,84;279,85;6,36;298,94;283,06;6,37;306,12;287,93;6,57;299,72;284,17;6,4;302,39;290,11;6,54;312,46;300,18;6,88;308,18;296,73;6,75;295,27;289,64;6,42;300,5;293,25;6,56;6,1;6,1;6;6,2;6,1;6,2;6,6;6,6;6,3;6,5;6,1;6,2;6,5;6,8;7;7,2;7,4;7,5
Sudeste;Estadual;82,1;83,4;83,8;83,8;76,9;0,82;83,1;84,2;85,4;85;77,7;0,83;84,9;85,2;87,5;86;81;0,85;86,6;87,5;88,8;87,2;82,8;0,87;90,4;91,6;91,7;90,8;87,5;0,9;89,5;89,6;90;90,3;88,3;0,9;89,3;89;90,7;90,4;87;0,89;92,2;91,5;92,8;93;91,6;0,92;97,1;97,7;96,9;97;96,7;0,97;94,8;95,6;95,7;94,4;93,7;0,95;236,17;229,81;4,43;244,57;232,69;4,62;246,62;242,69;4,82;248,25;242,61;4,85;248,05;242,52;4,84;253,15;248,96;5,04;253,82;255,27;5,15;260,32;258,99;5,32;256,58;259,54;5,27;252,7;256,57;5,15;3,6;3,8;4,1;4,2;4,4;4,5;4,6;4,9;5,1;4,9;3,7;3,8;4,1;4,5;4,9;5,1;5,4;5,6
Minas Gerais;Total (4);77;76,4;77,6;79,7;74,3;0,77;79,5;78,2;80,9;81,8;77,2;0,79;81,7;78,9;83,6;82,9;81,9;0,82;84,3;82,5;85,1;84,1;85,8;0,84;89,5;87,8;89,7;89,7;91,5;0,9;87,8;86,4;87,2;87,9;89,6;0,88;86,6;85;86,2;87,8;87,6;0,87;89,1;88;88,1;89,7;91,1;0,89;96,6;97,3;96,1;96,4;96,6;0,97;93;93,1;93,3;92,2;93,4;0,93;254,59;238,43;4,88;258,31;241,85;5;264,21;254,65;5,31;269,63;258,15;5,46;265,81;256,42;5,37;265,49;259,28;5,41;265,94;263,01;5,48;269,12;263,74;5,55;262,83;263,81;5,44;258,89;259,99;5,31;3,8;4;4,3;4,6;4,8;4,8;4,7;4,9;5,3;4,9;3,8;3,9;4,2;4,6;5;5,2;5,5;5,7
Minas Gerais;Pública (4);75,5;75;76,3;78,4;72,6;0,76;78,3;76,9;79,7;80,8;75,8;0,78;80,6;77,6;82,5;82;80,8;0,81;83,2;81,4;84,2;83,1;84,8;0,83;89;87,1;89,2;89,2;91,2;0,89;87;85,4;86,4;87,2;89;0,87;85,5;83,6;85;86,8;86,6;0,85;88,1;86,9;87;88,7;90,4;0,88;96,3;97;95,7;96,1;96,3;0,96;92,2;92,3;92,5;91,4;92,8;0,92;248,67;233,87;4,71;252,6;237,24;4,83;257,54;249,95;5,12;263,87;253,82;5,29;260,21;251,98;5,2;260,05;255,18;5,25;258,21;257,05;5,25;262;257,92;5,33;256,29;258,51;5,25;250,77;253,85;5,08;3,6;3,8;4,1;4,4;4,6;4,6;4,5;4,7;5,1;4,7;3,6;3,7;4;4,4;4,8;5;5,3;5,6
Minas Gerais;Privada;94,5;95,2;94,5;94,3;94,1;0,95;94,6;95,3;94,7;94,3;93,9;0,95;94,1;94,9;94;93,8;93,4;0,94;94,2;94,7;94;94;94,2;0,94;94,4;94,9;94,2;94,2;94,1;0,94;95;95,6;94,7;94,9;94,8;0,95;96,1;96,9;95,8;96;95,7;0,96;96,9;97,3;96,8;96,9;96,4;0,97;98,9;99,1;98,8;99;98,8;0,99;98;98,4;98,1;97,8;97,7;0,98;319,93;288,74;6,81;318,5;290,52;6,82;326,07;298,3;7,07;317,19;293,88;6,85;309,92;291,35;6,69;313,11;295,11;6,8;326,33;309,49;7,26;320,02;305,28;7,09;314,33;305,51;7;312,84;300,77;6,89;6,4;6,4;6,7;6,5;6,3;6,5;7;6,9;6,9;6,8;6,5;6,6;6,8;7;7,3;7,4;7,6;7,7
Minas Gerais;Estadual;75,1;75,7;76,3;77,7;70,8;0,75;77,5;76,9;79,3;79,6;74;0,77;80;77,4;82,8;80,8;79,7;0,8;82,5;81;84;81,7;83,8;0,83;89,7;88;90,2;89,1;91,7;0,9;86,4;85,5;85,9;86;88,2;0,86;84,5;83,1;84,2;85,5;85,2;0,84;87,7;86,9;86,8;87,9;89,6;0,88;96;96,9;95,4;95,8;95,8;0,96;92;92,7;92,5;90,8;92,1;0,92;251,63;234,55;4,77;252,89;237,3;4,84;258,82;251,17;5,17;263,79;253,55;5,29;260,36;251,98;5,21;258,69;253,57;5,2;256,43;254,91;5,19;260,88;256,72;5,29;255,07;257,18;5,2;249,35;252,74;5,03;3,6;3,7;4,1;4,4;4,7;4,5;4,4;4,6;5;4,6;3,6;3,8;4;4,4;4,8;5,1;5,3;5,6
Espírito Santo;Total (4);79,9;77,7;79,8;80,8;82,2;0,8;81,5;79;80,6;83;84,5;0,82;79,8;77,1;78,7;81,2;83,4;0,8;80,9;77,9;79,4;81,5;86,3;0,81;81,6;77,6;79,7;83,3;87,4;0,82;82;79,1;79,7;82,6;88;0,82;84,6;81,5;82,9;86;90,2;0,85;88,9;85,9;87;90;93,9;0,89;95,5;96,7;94,4;94,7;96,2;0,95;94,8;93,4;94,1;94,8;97,4;0,95;249,95;234,46;4,74;254,21;238,58;4,88;257,15;250,2;5,12;261,63;250,04;5,19;259,06;249,57;5,14;263,73;256,61;5,34;268,59;264,35;5,55;271,31;264,73;5,6;259,92;256,89;5,28;266,26;266,39;5,54;3,8;4;4,1;4,2;4,2;4,4;4,7;5;5;5,3;3,8;4;4,3;4,7;5;5,3;5,5;5,8
Espírito Santo;Pública (4);77,8;75,5;77,7;78,5;80,3;0,78;79,7;77,1;78,8;81,3;83;0,8;77,9;75;76,7;79,3;81,9;0,78;79,1;75,9;77,6;79,7;85,1;0,79;79,8;75,5;77,8;81,7;86,3;0,8;80,1;77;77,5;80,7;86,9;0,8;83;79,5;81,1;84,5;89,2;0,83;87,6;84,3;85,6;88,9;93,3;0,88;95;96,3;93,8;94,2;95,9;0,95;94,2;92,5;93,4;94,2;97,2;0,94;240,59;227,08;4,46;245,27;231,27;4,61;248,86;243,96;4,88;253,35;243,61;4,95;250,95;242,98;4,9;255,24;250,1;5,09;259,32;257,04;5,27;263,52;258,46;5,37;253,58;251,69;5,09;258,86;260,91;5,33;3,5;3,7;3,8;3,9;3,9;4,1;4,4;4,7;4,8;5;3,5;3,7;3,9;4,3;4,7;5;5,2;5,5
Espírito Santo;Privada;95,2;96;95,3;95,5;93,9;0,95;95,3;96,4;95,6;95;94,5;0,95;94,3;95,4;94,1;94,8;93;0,94;94,4;96,2;93,9;94,3;93,5;0,94;94,6;95,8;94,7;93,9;94;0,95;95,5;96,4;96;94,9;94,7;0,95;96,3;97,1;95,8;96,4;95,9;0,96;97,5;97,6;97,3;97,4;97,6;0,97;98,7;99;98,9;98,5;98,5;0,99;98,7;98,9;98,9;98,6;98,4;0,99;300,2;274,06;6,24;304,87;280,03;6,42;306,51;287,39;6,57;309,24;287,01;6,6;305,55;287,34;6,55;313,51;294,77;6,8;322,02;306,49;7,14;319,64;303,61;7,05;305,12;293,97;6,65;310,81;299,38;6,84;5,9;6,1;6,2;6,2;6,2;6,5;6,9;6,9;6,6;6,7;6;6,1;6,3;6,6;6,9;7,1;7,2;7,4
Espírito Santo;Estadual;77,3;76,1;77,9;79,1;76,2;0,77;79,8;77,7;79,4;81,8;80,6;0,8;79,1;77,7;79,1;80,3;79,5;0,79;77,6;76;76,8;77,3;80,7;0,78;82,1;80;81,1;83,1;84,5;0,82;79,2;77,7;77,2;79,2;82,9;0,79;84;81,6;82,8;84,9;87,4;0,84;89,5;87,4;87,8;90,5;92,9;0,9;94,6;96,6;93,2;93,7;95,3;0,95;97,7;97,8;97,5;97,3;98,3;0,98;247,76;227;4,58;243,82;229,69;4,56;246,37;240,63;4,78;247,95;237,94;4,76;250,31;241,86;4,87;252,66;247,33;5;258,57;256,75;5,26;262,79;257,54;5,34;255,17;251,89;5,12;260,5;261,99;5,37;3,5;3,6;3,8;3,7;4;4;4,4;4,8;4,8;5,3;3,6;3,7;4;4,4;4,8;5;5,3;5,5
Rio de Janeiro;Total (4);76,8;73,8;75,1;78,7;80,9;0,77;78,8;75,6;78,7;80,8;81,3;0,79;74,5;70,9;74,1;76,1;78,6;0,75;80,7;78;79;82,8;84,8;0,81;84;80,5;82,9;85,4;88,4;0,84;84,1;82,1;82,1;84,8;88,3;0,84;85,2;83,4;83,2;86,1;89,1;0,85;88,2;86,3;86,8;89,1;91,4;0,88;96,6;96,9;96;96,4;97;0,97;92;91,6;91,7;91,7;93;0,92;244,34;237,28;4,69;248,01;238,5;4,78;254,74;249,84;5,08;260,16;250,58;5,18;256,24;249,19;5,09;261,03;254,64;5,26;265,58;266,2;5,53;267,89;263,54;5,52;255,14;257,67;5,21;259,98;261,88;5,36;3,6;3,8;3,8;4,2;4,3;4,4;4,7;4,9;5;4,9;3,6;3,8;4,1;4,5;4,9;5,1;5,4;5,6
Rio de Janeiro;Pública (4);73,3;70;71,5;75,5;78,2;0,74;76,9;73,6;77;79,2;79,7;0,77;71,1;67,1;70,6;72,8;75,9;0,71;78,2;75;76,3;80,7;83;0,79;81,5;76,6;80,3;83,3;87,4;0,82;81;78,2;78,7;82;86,7;0,81;81,8;79,3;79,3;83,2;87;0,82;85,6;82,9;83,7;86,8;89,8;0,86;96,1;96,5;95,5;96;96,6;0,96;90,1;89,5;89,5;89,8;91,6;0,9;232,92;228,25;4,35;238,14;230,22;4,47;243,28;241,59;4,75;245,26;238,74;4,73;244,38;239,33;4,73;250,14;245,04;4,92;251,82;253,5;5,09;254,01;253,02;5,12;247,01;251,83;4,98;246,85;251,87;4,98;3,2;3,5;3,4;3,7;3,9;4;4,2;4,4;4,8;4,5;3,2;3,4;3,7;4,1;4,4;4,7;5;5,2
Rio de Janeiro;Privada;92,7;93,6;92,6;92,4;92,1;0,93;92,4;93,5;92,1;92,2;91,8;0,92;91,8;92,9;91,2;91,8;91,1;0,92;91,7;92,7;91,2;91,5;91,2;0,92;91,7;92,6;91,1;91,7;91,2;0,92;92,9;93,8;92,2;92,8;92,5;0,93;94,4;95,3;94;94,2;94,1;0,94;95,5;96;95,3;95,6;95,1;0,95;98;98,3;97,7;97,8;98,1;0,98;97,5;97,9;97,5;97,4;97,1;0,97;285,08;269,5;5,91;284,83;269,42;5,9;294,23;278,26;6,21;296,03;279,1;6,25;284,86;272,97;5,96;287,24;277,75;6,08;297,38;295,57;6,55;298,59;286,82;6,42;275,56;272,37;5,8;293,21;287,2;6,34;5,5;5,5;5,7;5,7;5,5;5,6;6,2;6,1;5,7;6,2;5,5;5,6;5,9;6,2;6,5;6,7;6,9;7,1
Rio de Janeiro;Estadual;70,7;67,7;69,7;72,3;74,5;0,71;68,3;65,2;67,5;69,5;71,8;0,68;67,2;63,4;66,2;68,8;71,6;0,67;73,3;70,1;71,4;75,5;77,1;0,73;82,3;79,9;81,4;82;85;0,82;80,7;80,5;78,2;80,1;83,5;0,81;77,5;75,9;76,2;77,6;80;0,77;81,1;81,2;78,4;81,1;83,1;0,81;96,1;97,2;96;96,1;95,2;0,96;84,7;86,3;85;84;83,6;0,85;220,58;223,9;4,07;231,54;223,68;4,25;238,54;235,81;4,57;235,07;227,49;4,38;236,31;230,65;4,45;242,49;236,21;4,65;243,18;246,09;4,82;245,9;245,83;4,86;238,66;243,16;4,7;232,1;237,35;4,49;2,9;2,9;3,1;3,2;3,6;3,7;3,7;3,9;4,5;3,8;2,9;3,1;3,3;3,7;4,1;4,4;4,6;4,9
São Paulo;Total (4);89,9;92,4;91,6;90,9;84,2;0,9;90;92,6;92,1;91,4;83,4;0,9;91,7;94,3;93,5;92,8;86,1;0,92;92;94,7;93,8;92,7;86,6;0,92;93;95,4;94,2;93,6;89,1;0,93;93,4;94;94,5;94,2;91,4;0,94;94,4;94,4;95,6;95,3;92;0,94;96,2;96;96,9;96,7;95,1;0,96;98,2;98,5;98,3;98,2;97,9;0,98;97,7;98,1;98,2;97,6;96,8;0,98;241,96;237,36;4,66;251,6;238,99;4,84;250,22;246,27;4,94;255,02;249,19;5,07;254,98;248,55;5,06;262,36;257,46;5,33;268,16;266,5;5,58;271,28;268,9;5,67;267,16;268,56;5,6;265,35;266,84;5,54;4,2;4,3;4,5;4,7;4,7;5;5,3;5,5;5,5;5,4;4,2;4,4;4,6;5;5,4;5,6;5,9;6,1
São Paulo;Pública (4);88,8;91,7;90,9;89,9;82;0,88;88,2;91,3;90,9;90;80,7;0,88;90,9;93,9;93,1;92,2;84,4;0,91;91,2;94,4;93,5;92,1;84,9;0,91;92,3;95,1;93,8;93,1;87,7;0,92;92,6;93,2;93,9;93,6;90,2;0,93;93,5;93,6;95;94,6;90,4;0,93;95,7;95,4;96,6;96,3;94,3;0,96;98;98,3;98,1;98;97,6;0,98;97,3;97,8;98;97,3;96,2;0,97;231,51;229,39;4,35;243,31;232,31;4,59;243,51;240,83;4,74;245,9;242,02;4,8;246,14;241,51;4,79;253,43;249,91;5,06;255,75;257,9;5,23;262,46;261,88;5,41;259,7;262,74;5,37;256,51;259,98;5,27;3,8;4;4,3;4,4;4,4;4,7;4,9;5,2;5,3;5,1;3,9;4;4,3;4,7;5,1;5,3;5,6;5,8
São Paulo;Privada;97;97,4;96,5;97;97,1;0,97;97,1;97,5;96,6;97;97,2;0,97;96,6;97;95,9;96,6;96,9;0,97;96,2;96,3;95,8;95,9;96,7;0,96;96,4;96,7;96,2;96,1;96,7;0,96;96,9;97,1;96,6;96,6;97,1;0,97;98;98,1;97,8;97,9;98,1;0,98;98,4;98,4;98,3;98,2;98,5;0,98;99,2;99,3;99,1;99,2;99,3;0,99;99;99,1;99;99;99;0,99;305,37;285,78;6,52;304,04;281,2;6,42;292,6;280,59;6,22;308,33;291,16;6,66;304,59;288,05;6,54;306,78;295;6,7;315,93;299,59;6,93;309,35;299,2;6,81;299,03;293,39;6,54;299,55;293,37;6,55;6,3;6,2;6;6,4;6,3;6,5;6,8;6,7;6,5;6,5;6,3;6,5;6,7;6,9;7,2;7,4;7,5;7,7
São Paulo;Estadual;88,2;91,7;91;89,5;80,6;0,88;88,8;92,5;92,1;90,6;80,2;0,89;90,9;94,4;94;92,2;83,1;0,91;91,2;95,1;94,3;92,2;83,3;0,91;92,3;95,9;94,8;93,3;86,4;0,92;93,1;94;95,7;94,6;89,2;0,93;93,7;93,9;96,4;95,2;89,1;0,94;95,9;95,7;97,6;96,9;93,4;0,96;97,9;98,2;98;97,9;97,3;0,98;97,2;97,9;98,2;97,3;95,5;0,97;230,22;228,45;4,31;242,51;231,86;4,57;242,75;240,27;4,72;244,33;240,88;4,75;245,06;240,68;4,76;251,94;248,52;5,01;253,62;256,67;5,17;261,7;261,67;5,39;259,31;262,86;5,37;256,33;260,41;5,28;3,8;4;4,3;4,3;4,4;4,7;4,8;5,2;5,3;5,1;3,8;4;4,2;4,6;5;5,3;5,5;5,8
Sul;Total;78,8;75,9;77;79,4;84,2;0,79;82,2;79,6;80,9;83,1;86,5;0,82;82,2;79,9;80,7;82,6;86,8;0,82;83,5;80,8;83,6;83,1;86,7;0,83;83,6;82,8;81,5;83,6;86,4;0,84;85,3;84,5;83,9;85,8;88;0,86;86,2;84,9;84,7;86,5;89,3;0,86;88,9;87,7;87,4;89,1;91,7;0,89;95,7;96,6;95,1;95,1;95,9;0,96;94,1;93,9;93,7;93,6;95,3;0,94;251,54;239,1;4,84;256,85;241,3;4,97;258,91;251,34;5,17;261,2;250,31;5,19;257,53;250,42;5,13;263,86;258,91;5,38;270,23;268,02;5,64;273,69;268,76;5,71;267,01;266,35;5,56;266,7;266,94;5,56;3,8;4,1;4,3;4,3;4,3;4,6;4,9;5,1;5,3;5,2;3,9;4;4,3;4,7;5,1;5,3;5,6;5,8
Sul;Pública;77,2;74,3;75,4;77,9;82,8;0,77;81,1;78,3;79,7;82;85,6;0,81;81;78,5;79,3;81,4;85,9;0,81;82,2;78,9;82,5;81,8;85,7;0,82;82,2;81,3;80,3;81,9;85,4;0,82;84;82,9;82,3;84,4;87,1;0,84;84,7;83,2;83,1;85,1;88,3;0,85;87,6;86,2;86;87,9;90,8;0,88;95,3;96,2;94,7;94,6;95,5;0,95;93,4;93,1;92,9;92,8;94,8;0,93;245,81;233,73;4,66;251,75;236,84;4,81;253,6;247,4;5,02;255,55;245,98;5,03;251,34;245,48;4,95;258,74;254,86;5,23;263,83;263,26;5,45;267,33;263,7;5,52;261,18;261,33;5,38;260,71;262,48;5,39;3,6;3,9;4,1;4,1;4,1;4,4;4,6;4,8;5,1;5;3,6;3,8;4,1;4,5;4,8;5,1;5,4;5,6
Sul;Privada;96,1;96,8;96,1;95,6;95,7;0,96;96;96,7;95,9;95,5;95,9;0,96;95,7;96,5;95,7;95,3;95,5;0,96;95,6;96,6;95,2;95,2;95,2;0,96;95,8;96,7;95,6;95,5;95,4;0,96;96,4;97,2;96,1;96,1;96;0,96;97,2;97,8;96,9;96,9;97;0,97;97,6;98,1;97,5;97,3;97,4;0,98;98,5;98,9;98,3;98,3;98,5;0,98;98,6;98,9;98,6;98,5;98,3;0,99;297,84;282,54;6,34;299,76;278,79;6,31;304,8;285,38;6,5;305,95;284,7;6,51;306,25;289,27;6,59;308,71;294,42;6,72;312,57;299,5;6,87;313,12;300,16;6,89;304,99;299,04;6,73;302,6;293,64;6,6;6,1;6,1;6,2;6,2;6,3;6,5;6,7;6,7;6,6;6,5;6,1;6,2;6,4;6,7;7;7,2;7,3;7,5
Sul;Estadual;76,1;73,4;74,4;76,6;81,3;0,76;80,5;78,2;79,2;81,2;84,3;0,81;80,6;78,5;79;80,9;84,6;0,81;81,6;78,9;82,5;81;84,1;0,82;81,6;81,4;79,8;81,4;83,5;0,82;83,4;83;82;83,7;85,3;0,83;84,3;83,5;82,7;84,3;86,8;0,84;87,7;87,1;86,4;87,8;89,9;0,88;95,5;96,7;95,1;94,8;95,3;0,95;94,2;94,5;94,1;93,6;94,7;0,94;244,62;231,93;4,61;252,09;237,05;4,82;252,99;247,16;5;254,29;244,95;4,99;250,12;244,3;4,91;257,45;253,25;5,18;263,02;262,44;5,42;266,28;262,43;5,48;260,29;260,1;5,34;260,36;261,92;5,37;3,5;3,9;4;4,1;4;4,3;4,6;4,8;5,1;5,1;3,5;3,7;4;4,4;4,8;5;5,3;5,5
Paraná;Total (4);77,6;75,4;76;78,2;82,1;0,78;83,4;82,1;82,5;83,8;85,8;0,84;83,8;83,6;83,1;83,2;85,8;0,84;83,6;83,6;83,2;82,9;84,8;0,84;84,7;85,6;83;84,4;85,5;0,85;86,9;88,3;86,8;86,3;86,2;0,87;87,4;88,3;86,7;86,4;88,1;0,87;92,5;92,9;92,1;91,9;93;0,92;98;98,6;98;97,7;97,9;0,98;98,4;98,6;98,5;98,1;98,3;0,98;245,03;230,01;4,58;258,37;240,88;4,99;257,35;250,77;5,14;258,18;248,2;5,11;256,44;248,81;5,09;261,36;255,53;5,28;270,06;266,95;5,62;274,99;268,2;5,72;267,49;264,98;5,54;269,26;268,1;5,62;3,6;4,2;4,3;4,3;4,3;4,6;4,9;5,3;5,4;5,5;3,6;3,7;4;4,4;4,8;5,1;5,3;5,6
Paraná;Pública (4);75,9;73,6;74,4;76,5;80,6;0,76;82,4;81;81,4;82,8;84,8;0,82;82,6;82,3;81,8;82;84,7;0,83;82,2;82,1;81,8;81,5;83,5;0,82;83,2;84,2;81,5;82,9;84,2;0,83;85,5;86,9;85,3;84,8;84,8;0,85;85,8;86,8;85;84,8;86,6;0,86;91,6;92;91,2;91;92,3;0,92;97,9;98,5;97,9;97,6;97,8;0,98;98,3;98,5;98,4;98;98,3;0,98;238,54;223,53;4,37;252,18;235,71;4,8;250,97;246,45;4,96;252,24;243,74;4,93;249,56;243,4;4,88;254,81;250,24;5,08;263,45;262,12;5,43;268,79;263,15;5,53;261,7;259,85;5,36;264,66;264,53;5,49;3,3;4;4,1;4,1;4,1;4,3;4,7;5,1;5,2;5,4;3,4;3,5;3,8;4,2;4,6;4,8;5,1;5,3
Paraná;Privada;96,3;97,3;96,3;96;95,9;0,96;96,7;97,5;96,6;96,4;96,5;0,97;96,5;97,3;96,4;96,1;96,3;0,97;96,1;96,7;96;95,7;96;0,96;96,4;97,3;95,9;96,1;96,3;0,96;97;97,5;96,9;96,6;96,8;0,97;97,7;98,3;97,7;97,3;97,6;0,98;98;98,4;98;97,8;97,9;0,98;98,7;99;98,6;98,3;98,7;0,99;98,8;99;98,9;98,8;98,6;0,99;299,59;284,43;6,4;314,35;287,63;6,7;316,37;290,73;6,79;307,38;285,11;6,54;309,74;290,68;6,67;308,88;293,87;6,71;311,78;297,4;6,82;311,78;298,17;6,83;303,27;296,64;6,67;296,45;289,22;6,43;6,2;6,5;6,5;6,3;6,4;6,5;6,7;6,7;6,6;6,4;6,2;6,3;6,5;6,8;7,1;7,2;7,4;7,6
Paraná;Estadual;75,7;73,5;74,2;76,3;80,3;0,76;82,3;81;81,4;82,7;84,6;0,82;82,6;82,4;81,9;82;84,5;0,83;82,2;82,2;81,8;81,4;83,3;0,82;83,2;84,2;81,5;82,9;84;0,83;85,4;86,9;85,3;84,7;84,6;0,85;85,7;86,8;85;84,6;86,4;0,86;91,6;92;91,2;90,9;92,2;0,92;97,9;98,5;97,9;97,6;97,8;0,98;98,3;98,5;98,4;98;98,3;0,98;238,13;223,11;4,35;252,13;235,72;4,8;250,78;246,28;4,95;252,05;243,52;4,93;249,33;243,18;4,88;254,49;249,93;5,07;263,29;261,99;5,42;268,79;263,17;5,53;261,66;259,83;5,36;264,55;264,47;5,48;3,3;4;4,1;4;4,1;4,3;4,6;5,1;5,2;5,4;3,3;3,5;3,8;4,2;4,5;4,8;5,1;5,3
Santa Catarina;Total (4);86;82;84,7;87,4;91,3;0,86;87,1;83,4;85,9;88,4;92,2;0,87;86,8;83,3;84,9;88,3;92,2;0,87;92,4;90,6;94,3;90,3;92,9;0,92;87,6;86,5;88,4;89,6;87;0,88;89,3;87,6;87,2;89,7;93,4;0,89;90,4;88,9;89,1;90,9;93,3;0,91;89,1;88,2;87,4;89;91,9;0,89;92,7;94,1;91,9;92;93,1;0,93;92,5;92,6;91,9;91,7;93,8;0,92;252,47;246,1;4,98;256,59;239,39;4,93;260,37;251,25;5,19;264,33;252,2;5,28;256,3;249,13;5,09;273,41;267,57;5,68;272,85;270,1;5,72;275,57;269,82;5,76;270,89;269,02;5,67;268,68;267,49;5,6;4,3;4,3;4,5;4,9;4,5;5,1;5,2;5,1;5,3;5,2;4,3;4,5;4,7;5,1;5,5;5,7;6;6,2
Santa Catarina;Pública (4);84,9;80,7;83,6;86,4;90,7;0,85;86,4;82,5;85;87,8;91,7;0,87;86;82,2;83,8;87,5;91,8;0,86;92;89;94,1;89,7;92,6;0,91;86,5;85,4;87,6;87,9;86,2;0,87;88,4;86,4;86,1;88,9;93,1;0,89;89,5;87,7;88;90;92,8;0,9;87,9;86,8;86;87,9;91,2;0,88;91,9;93,3;91;91,1;92,4;0,92;91,5;91,5;90,8;90,7;93,1;0,92;247,53;242,56;4,83;251,56;235,46;4,78;254,79;247,12;5,03;258,59;248;5,11;250,92;244,87;4,93;268,12;263,53;5,53;267,62;266,36;5,57;269,36;265,04;5,57;265;264,38;5,49;261,64;262,46;5,4;4,1;4,1;4,3;4,7;4,3;4,9;5;4,9;5;4,9;4,1;4,3;4,6;5;5,3;5,6;5,8;6
Santa Catarina;Privada;97,2;98,2;97,1;96,8;96,8;0,97;96,9;97,9;97,1;96,1;96,7;0,97;96,8;97,6;97,1;96,3;96,3;0,97;96,8;97,9;96,6;96,5;96,1;0,97;96,4;97,5;96,6;95,8;95,9;0,96;97,1;98,2;97,2;96,7;96,2;0,97;97,8;98,6;97,6;97,5;97,4;0,98;98,2;98,8;98,3;97,7;97,7;0,98;98,6;99,1;98,4;98,4;98,3;0,99;98,8;99,3;98,9;98,6;98,4;0,99;292,18;274,6;6,11;296,83;270,8;6,13;307,23;285,98;6,55;309,68;285,32;6,58;306,41;288,83;6,59;312,47;297,42;6,83;310,79;297,2;6,8;318,65;303;7,03;312,21;301,58;6,9;311,96;298,36;6,84;5,9;5,9;6,3;6,4;6,4;6,6;6,6;6,9;6,8;6,8;6;6,1;6,3;6,6;6,9;7,1;7,2;7,4
Santa Catarina;Estadual;84;79,5;82,6;85,8;89,9;0,84;85,1;80,5;83,7;87,2;90,8;0,85;84,6;80,1;82,1;86,8;90,7;0,85;93,4;98,3;97,2;89,4;91,4;0,94;83,8;83,5;86,9;88,4;81,6;0,85;86,3;83,7;83,4;87,1;91,6;0,86;87,7;85,7;86,2;88,5;90,9;0,88;84,2;83,1;81,9;84;87,8;0,84;88,5;90,5;87,3;87,6;88,7;0,89;88;88,5;86,9;86,9;89,6;0,88;247,64;242,72;4,84;250,69;234,95;4,76;252,55;245,05;4,96;255,3;244,72;5;247,01;241,05;4,8;266,93;262,68;5,49;263,76;262,59;5,44;263,8;259,98;5,4;261,53;261,58;5,39;256,27;257,4;5,23;4,1;4,1;4,2;4,7;4,1;4,7;4,8;4,5;4,8;4,6;4,1;4,3;4,5;4,9;5,3;5,5;5,8;6
R. G. do Sul;Total (4);75,9;73,2;73,8;76,2;82,1;0,76;78,1;75;76,4;79,1;84;0,78;77,8;74,3;75,7;78,6;84,6;0,78;78,5;75,4;76,5;78,7;84,9;0,79;80,1;78,1;74,9;80,9;87;0,8;81;79;78,8;82,6;86;0,81;82,3;79,1;79,9;83,8;88,2;0,83;84,7;81,6;82,3;85,9;89,9;0,85;95,3;96,3;94,6;94,6;95,8;0,95;90,7;90,1;89,9;89,9;92,8;0,91;258,06;244,7;5,05;255,27;243,05;4,97;260,92;252,99;5,23;262,98;251,77;5,25;260;253,59;5,23;259,56;256,74;5,27;268,59;267,91;5,61;270,69;268,64;5,66;263,47;265,86;5,49;261,98;265,09;5,45;3,8;3,9;4,1;4,1;4,2;4,3;4,6;4,8;5,2;4,9;3,9;4;4,3;4,7;5,1;5,3;5,6;5,8
R. G. do Sul;Pública (4);74,2;71,5;71,9;74,5;80,5;0,74;76,7;73,5;75;77,7;82,7;0,77;76,3;72,6;74;77,1;83,5;0,77;76,8;73,4;74,9;77,1;83,8;0,77;78,7;76,4;74,2;79,2;86,1;0,79;79,6;77,1;77,1;81,1;85,6;0,8;80,6;77;78,1;82,2;87,1;0,81;83,1;79,6;80,5;84,4;89;0,83;94,9;96;94,2;94,2;95,5;0,95;89,6;88,9;88,7;88,7;92,1;0,9;252,74;239,47;4,87;251,37;239,11;4,84;256,99;249,51;5,11;257,49;247,26;5,08;254,05;248,74;5,05;256,9;254,58;5,19;261,6;262,48;5,4;263,99;263,32;5,46;257,62;260,64;5,3;255,14;260,02;5,25;3,6;3,7;3,9;3,9;4;4,2;4,4;4,5;5;4,7;3,7;3,8;4,1;4,5;4,9;5,1;5,4;5,6
R. G. do Sul;Privada;95;95,3;95,5;94,6;94,9;0,95;94,8;95,4;94,7;94,1;94,9;0,95;94,3;95;94,2;93,7;94,3;0,94;94,3;95,9;93,6;94;93,7;0,94;94,5;95,6;92,9;94,5;94;0,94;95;96,2;94,3;95,1;93,1;0,95;96;96,7;95,4;96;96;0,96;96,6;97;96,2;96,3;96,6;0,97;98,2;98,5;97,8;98,1;98,4;0,98;98,1;98,5;98;98;97,8;0,98;299,45;285,38;6,41;286,38;274,54;6,02;290,43;279,05;6,16;301,9;283,83;6,43;301,98;287,88;6,5;301,73;291,02;6,55;314,78;303,77;6,98;311,04;300,7;6,86;301,84;300,09;6,7;302,8;295,36;6,64;6,1;5,7;5,8;6,1;6,1;6,2;6,7;6,6;6,6;6,5;6,1;6,2;6,5;6,8;7;7,2;7,3;7,5
R. G. do Sul;Estadual;71,9;69,4;69,8;71,8;77,6;0,72;74,3;71,3;72,6;74,9;79,9;0,75;74;70,2;71,5;75;80,6;0,74;74,1;71,1;71,7;74,4;80,5;0,74;77;75,1;70,8;78;83,9;0,77;77,3;75,2;74,9;79,3;81,7;0,78;79;75,6;76;80,9;84,5;0,79;82;79;79,1;83,5;86,6;0,82;95,6;97,4;95,4;94,8;95,2;0,96;89,7;89,9;89,3;88,7;90,7;0,9;253,33;239,41;4,88;253;240,85;4,9;258,57;250,99;5,16;258,4;248,2;5,11;254,64;249,65;5,07;256,93;253,82;5,18;261,88;263,31;5,42;262,77;262,75;5,43;256,19;259,47;5,26;253,77;259,64;5,22;3,5;3,7;3,8;3,8;3,9;4;4,3;4,4;5;4,7;3,5;3,7;4;4,4;4,8;5;5,3;5,5
Centro-Oeste;Total;75,2;72,6;75,2;76,7;77,4;0,75;80,4;78;80,7;82;81,4;0,8;83,3;81,4;83,1;84,8;84,4;0,83;85,3;83,3;85,4;86,8;85,8;0,85;88,5;87,5;88,1;89,4;89,2;0,89;88,7;87,9;88,6;90,2;88;0,89;91,7;90,7;91,3;92,8;92;0,92;92,8;93,6;91,8;93,9;91,9;0,93;96,4;97,1;95,9;96,9;95,6;0,96;96,4;96,5;95,9;97;96,4;0,96;239,72;233,12;4,55;249,55;235,64;4,75;250,64;246,18;4,95;254,2;246,79;5,02;254,34;249,37;5,06;260,99;257,7;5,31;263,92;264,49;5,47;265,93;263,04;5,48;260,21;261,23;5,36;259,85;261,34;5,35;3,4;3,8;4,1;4,3;4,5;4,7;5;5,1;5,2;5,2;3,5;3,6;3,9;4,3;4,7;4,9;5,2;5,4
Centro-Oeste;Pública;72,8;70;72,8;74,2;75;0,73;78,4;76;78,9;80,2;79,6;0,79;81,6;79,4;81,4;83,3;82,7;0,82;83,6;81,3;83,8;85,4;84,1;0,84;87,2;85,9;86,8;88,2;88;0,87;87,2;86,2;87,2;89;86,5;0,87;90,6;89,4;90,1;92;91;0,91;91,9;92,8;90,8;93,1;90,9;0,92;96;96,8;95,5;96,6;95;0,96;96,1;96,1;95,4;96,7;96,1;0,96;232,57;227,63;4,34;242,71;229,9;4,54;242,73;240,58;4,72;246,48;240,4;4,78;246,84;243,25;4,83;253,67;251,54;5,09;256,71;258,71;5,26;258,39;256,77;5,25;253,59;255,69;5,15;253,49;256,22;5,16;3,2;3,6;3,9;4;4,2;4,4;4,8;4,8;4,9;5;3,2;3,3;3,6;4;4,4;4,7;4,9;5,2
Centro-Oeste;Privada;94,4;94,8;94,1;94,1;94,4;0,94;95,1;95,9;94,9;94,5;94,8;0,95;94,6;95,4;94,5;94,3;94,1;0,95;95,1;95,7;94,9;94,8;95;0,95;95,8;96,5;95,5;95,6;95,8;0,96;96,5;97;96,2;96,6;96;0,96;97,4;97,7;97,2;97,3;97,2;0,97;97,8;98,2;97,7;97,7;97,3;0,98;98,8;99;98,7;98,6;98,9;0,99;98,5;98,8;98,6;98,5;98,1;0,98;283,58;266,83;5,84;291,9;271,13;6,05;293,79;276,73;6,18;294,1;279,81;6,23;291,98;280,09;6,2;296,95;287,97;6,42;299,06;292,66;6,53;303,88;294,57;6,64;297,04;292,01;6,48;294,01;288,81;6,38;5,5;5,7;5,8;5,9;5,9;6,2;6,4;6,5;6,4;6,3;5,5;5,7;5,9;6,2;6,5;6,7;6,9;7,1
Centro-Oeste;Estadual;72,1;69,4;72,3;73,9;73,3;0,72;77;74,2;77,6;79,2;77,6;0,77;80,8;78,6;80,7;82,7;81,3;0,81;82,9;80,4;83,4;85;82,7;0,83;87;85,6;86,9;88,2;87,3;0,87;86,6;85,6;87;88,5;85,2;0,87;91;90;90,7;92,5;90,7;0,91;92;94,1;90,8;93,5;90,1;0,92;96,5;97,6;96,1;97,5;95;0,97;96,9;97,7;96,3;97,7;96,2;0,97;233,5;227,89;4,36;241,61;229,05;4,51;241,84;239,42;4,69;245,65;239,64;4,75;246,08;242,42;4,81;253,22;250,58;5,06;256,95;258,61;5,26;258,16;256,52;5,24;253,63;255,31;5,15;253,63;256,1;5,16;3,1;3,5;3,8;3,9;4,2;4,4;4,8;4,8;5;5;3,2;3,3;3,6;4;4,4;4,6;4,9;5,2
M. G. do Sul;Total (4);70,3;65,9;68,9;71,8;77,6;0,71;77,3;73,3;75,7;79,4;83,3;0,78;77,4;74,2;75,2;79,2;83,2;0,78;77,3;72,6;76,3;79,2;81,8;0,77;79,7;80,3;77,9;77,5;82,8;0,8;82,1;81,1;80,1;84,1;83,8;0,82;86,7;83,4;86;88,6;89,3;0,87;88,9;86,6;88,7;89,6;91;0,89;93,2;93,6;93;93,1;93,1;0,93;92,5;90,7;92,8;92,9;93,8;0,93;244,89;239,9;4,75;256,14;241,97;4,97;259,79;255,91;5,26;260,32;251,75;5,2;257,33;252,84;5,17;265,47;263,91;5,49;265,07;265,29;5,51;265,82;260,58;5,44;258,28;258,04;5,27;253,68;256,14;5,16;3,4;3,9;4,1;4;4,1;4,5;4,8;4,8;4,9;4,8;3,4;3,5;3,8;4,2;4,6;4,9;5,1;5,4
M. G. do Sul;Pública (4);67,8;63,6;66,6;69,2;75,4;0,68;75,5;71,5;74;77,8;81,6;0,76;75,7;72,5;73,4;77,6;81,8;0,76;75,7;70,7;74,8;77,8;80,3;0,76;78,2;79;76,3;75,8;81,5;0,78;80,7;79,5;78,6;82,9;82,5;0,81;85,6;81,9;84,9;87,6;88,5;0,86;87,8;85,3;87,6;88,6;90,4;0,88;92,6;93;92,3;92,5;92,5;0,93;91,7;89,7;92;92,2;93,3;0,92;239,54;235,91;4,59;252,16;238,48;4,84;253,68;251,61;5,09;255,68;247,76;5,06;253,21;249,56;5,05;261,27;260,47;5,36;260,8;261,92;5,38;260,33;256,52;5,28;252,74;253,75;5,11;247,41;251,47;4,98;3,1;3,7;3,9;3,8;3,9;4,3;4,6;4,6;4,7;4,6;3,2;3,3;3,6;4;4,4;4,6;4,9;5,2
M. G. do Sul;Privada;95,3;96,2;95,4;95,2;94,5;0,95;96,6;97,3;96;96,4;96,5;0,97;95,1;96,4;95;94,6;94,3;0,95;95,1;95,8;94,7;94,7;95,2;0,95;95,6;96,3;95,4;95,1;95,6;0,96;96,2;97,1;96,2;95,5;95,9;0,96;97,4;97,8;97,2;97,4;97,1;0,97;97,7;97,9;98;98,1;96,7;0,98;98,5;98,8;98,4;98,1;98,5;0,98;98,4;98,6;98,6;98,2;98,1;0,98;284,89;269,73;5,91;286,03;268,22;5,9;305,13;287,77;6,55;298,57;285,23;6,4;295,68;283,39;6,32;304,93;296,18;6,69;302,76;295,07;6,63;309,96;293,28;6,72;304,31;293,66;6,63;298,13;289,26;6,46;5,6;5,7;6,2;6,1;6;6,4;6,5;6,6;6,5;6,4;5,7;5,8;6;6,3;6,6;6,8;7;7,2
M. G. do Sul;Estadual;64,9;61;63,3;66,5;70,5;0,65;72,5;69,2;70;74,3;78,1;0,73;71,9;69;69;73,4;77,4;0,72;69,3;65,3;68;70,7;73,1;0,69;74,2;76,6;71,9;71,5;76,2;0,74;76,8;76,5;74,5;78,7;77,4;0,77;85,6;81,9;85,8;87,6;86,9;0,85;87,9;85,5;88,7;88,5;88,8;0,88;92,7;93,8;92,9;92,3;91,8;0,93;93,2;91,9;94,6;93,4;93,1;0,93;236,91;234,04;4,52;249,16;236,3;4,76;251,57;249,41;5,02;253,8;245,78;4,99;251,59;247,97;4,99;261,33;260,32;5,36;260,74;261,69;5,37;259,19;255,16;5,24;250,66;250,72;5,02;245,74;249,79;4,93;2,9;3,5;3,6;3,5;3,7;4,1;4,6;4,6;4,7;4,6;3;3,1;3,4;3,8;4,2;4,4;4,7;5
Mato Grosso;Total (4);72,4;70,3;73;73,5;73,3;0,73;83,3;80,7;86,1;85,3;81,7;0,83;89,9;87,9;92,8;91,6;87,4;0,9;93,8;92;96,7;96,2;90,3;0,94;95,4;95;96,9;97;93;0,95;95,1;96,4;97,6;97,7;88,3;0,95;95,6;96,4;97,2;96,9;91,8;0,96;92,9;94,6;94,5;92,9;89,5;0,93;97,5;97,7;98,9;98,7;94,8;0,97;98,7;98,8;98,9;98,7;98,6;0,99;231,62;224,72;4,27;243,31;229,34;4,54;247,12;243,27;4,84;245,53;239,58;4,75;240,47;236,32;4,61;248,85;243,7;4,88;252,76;252,94;5,1;255,22;252,53;5,13;251,45;252,9;5,07;248,62;251,46;5;3,1;3,8;4,3;4,5;4,4;4,6;4,9;4,8;4,9;4,9;3,1;3,3;3,5;3,9;4,3;4,6;4,9;5,1
Mato Grosso;Pública (4);71;68,9;71,7;72,1;71,7;0,71;82,5;79,7;85,4;84,6;80,7;0,83;89,3;87,2;92,5;91,2;86,7;0,89;93,6;91,5;96,7;96,2;89,7;0,93;95,2;94,7;96,8;97;92,7;0,95;94,8;96,3;97,7;97,8;87,4;0,95;95,4;96,3;97,2;96,7;91,2;0,95;92,3;94,2;94,1;92,4;88,5;0,92;97,4;97,5;98,9;98,7;94,3;0,97;98,7;98,7;98,9;98,7;98,6;0,99;227,68;222,09;4,16;239,22;226,25;4,42;242,04;240,28;4,71;240,32;235,33;4,59;234,93;232;4,45;243,43;238,87;4,71;246,17;247,35;4,89;248,05;246,5;4,91;246,17;248,55;4,91;243,56;247,29;4,85;3;3,7;4,2;4,3;4,2;4,5;4,7;4,5;4,8;4,8;3;3,1;3,4;3,8;4,2;4,4;4,7;5
Mato Grosso;Privada;93,7;93,2;93,6;93,7;94,3;0,94;95,3;96,6;95,7;95,2;93,4;0,95;96,6;97,5;96,8;97,1;95,3;0,97;96,6;97,4;96,5;96;96,5;0,97;97,3;97,9;97,7;97,1;96,7;0,97;97,5;97,6;97,6;97,5;97,1;0,97;97,8;97,9;97,7;98,2;97,6;0,98;97,8;98,2;97,9;97,1;97,7;0,98;98,9;99;98,8;98,9;98,9;0,99;98,8;99;98,8;98,9;98,3;0,99;276,24;254,51;5,51;288,43;263,45;5,86;290,97;269,1;6;290,58;276,25;6,11;289,7;274,73;6,07;294,42;284,28;6,31;302,8;295,35;6,64;305,64;295,01;6,68;292,48;286,71;6,32;289,16;284,94;6,24;5,2;5,6;5,8;5,9;5,9;6,2;6,5;6,5;6,3;6,2;5,2;5,3;5,6;5,9;6,3;6,5;6,7;6,9
Mato Grosso;Estadual;69,3;67,7;70,4;70,3;68,6;0,69;81,7;78,5;85,9;84,3;78,3;0,82;90,5;89,4;95,2;92,2;85,6;0,9;95,4;94,4;99,6;98,4;89;0,95;97,1;98,3;99,3;98,9;92,8;0,97;95,5;99,6;99,4;99,1;86,1;0,96;95,9;98,6;98,2;97,3;90,4;0,96;91,4;94;93,8;91,7;87;0,92;97,1;96,5;99,2;98,9;93,7;0,97;99,1;99,2;99,4;99;98,9;0,99;228,06;221,23;4,15;237,42;224,76;4,37;240,95;239,52;4,67;238,15;233,62;4,53;232,26;229,75;4,37;242,17;237,45;4,66;244,59;246;4,84;246,5;245,4;4,87;245,59;248,08;4,89;243,21;246,89;4,84;2,9;3,6;4,2;4,3;4,2;4,5;4,6;4,5;4,7;4,8;2,9;3,1;3,3;3,7;4,1;4,4;4,6;4,9
Goiás;Total (4);79,4;78,3;79,1;80,1;80,3;0,79;81,5;81,3;81,4;81,8;81,5;0,81;82,4;82,1;81,6;82,9;82,8;0,82;85,5;85,2;85,1;85,9;86,1;0,86;91,1;90,9;90,5;91,4;91,9;0,91;90,9;90,8;90,9;90,8;91,1;0,91;94;93,3;93,4;94,1;95,4;0,94;95,1;95,2;94,7;95;95,7;0,95;97,5;97,8;97,2;97,1;98;0,98;97,9;97,6;97,8;97,9;98,5;0,98;234,86;230,41;4,42;244,84;231,89;4,61;245,51;242,4;4,8;251,63;245,06;4,94;257,1;252,76;5,16;263,4;261,49;5,41;266,28;269,06;5,59;268,72;267,6;5,61;262,22;264,02;5,44;268,63;269,09;5,63;3,5;3,8;4;4,2;4,7;4,9;5,3;5,3;5,3;5,5;3,5;3,7;4;4,4;4,7;5;5,3;5,5
Goiás;Pública (4);68,7;63,5;69,9;73;70,9;0,69;72,6;67,5;73,5;77,2;74,9;0,73;80,4;76,1;80,4;84,6;82,5;0,81;83,7;83,3;83,3;84,1;84,3;0,84;90,1;89,8;89,5;90,4;91;0,9;89,8;89,6;89,8;89,6;90,1;0,9;93,3;92,4;92,6;93,4;95;0,93;94,6;94,5;94,2;94,4;95,3;0,95;97,3;97,5;96,9;96,9;97,9;0,97;97,8;97,3;97,6;97,7;98,5;0,98;248,43;236,25;4,74;252,2;238;4,84;237,57;236,48;4,57;243,32;238,52;4,7;250,39;247,1;4,96;255,55;254,92;5,17;260,81;264,73;5,43;263,26;263,14;5,44;257,13;259,69;5,28;264,06;265,27;5,49;3,3;3,5;3,7;3,9;4,5;4,6;5,1;5,1;5,1;5,4;3,3;3,5;3,7;4,1;4,5;4,8;5;5,3
Goiás;Privada;93,9;94,2;93,2;93,5;94,7;0,94;94,5;95,1;94,2;94,1;94,9;0,95;94,4;94,8;94,4;94;94,2;0,94;95,1;95,4;94,8;95;95,1;0,95;95,9;96,4;95,4;95,7;96,2;0,96;96,2;96,6;95,9;96,5;95,8;0,96;97,3;97,4;97,1;97,2;97,5;0,97;97,9;98,3;97,8;97,9;97,5;0,98;98,8;99;98,7;98,6;99,1;0,99;98,6;98,7;98,7;98,6;98,5;0,99;276,17;261,77;5,63;290,64;270,98;6,03;291,13;276,38;6,13;292,13;276,91;6,15;286,89;277,91;6,08;298,75;291,09;6,5;291,83;289,25;6,35;295,63;289,55;6,42;292,05;289,36;6,36;293,5;289,86;6,39;5,3;5,7;5,8;5,8;5,8;6,3;6,2;6,3;6,3;6,3;5,3;5,5;5,7;6;6,4;6,6;6,8;6,9
Goiás;Estadual;77,8;76,7;77,8;78,8;78,1;0,78;78,7;78,3;78,6;79,4;78,4;0,79;79,2;78,7;77,9;80,4;79,8;0,79;83,7;83,4;83,1;84,1;84,4;0,84;90,8;91,1;90,2;90,7;91,3;0,91;90,3;90,9;90,5;89,6;90,2;0,9;94,9;94,7;94,2;94,7;96,1;0,95;95,5;96,1;95,3;95,1;95,5;0,95;98,7;99,2;98,6;98,3;98,8;0,99;99,1;99,2;99,2;99;99,2;0,99;227,65;225,63;4,22;237,43;225,56;4,38;236,6;235,23;4,53;244,15;239,23;4,72;252;248,25;5;256,79;255,38;5,2;263,5;266,8;5,51;265,01;264,49;5,49;258,86;260,54;5,32;266,83;267,1;5,57;3,3;3,4;3,6;4;4,5;4,7;5,2;5,2;5,3;5,5;3,3;3,5;3,7;4,1;4,5;4,8;5;5,3
Distrito Federal;Total (4);74,4;69,4;75,4;78,1;76,3;0,75;76,8;72;77,6;80,8;78,8;0,77;83,6;80;83,4;86,8;85,5;0,84;82,7;79,8;83,1;85,6;83,2;0,83;83,5;80,4;83,6;85,7;84,7;0,84;83,1;79,7;82,4;86,1;84,8;0,83;86,7;85,5;85,3;89,2;87,1;0,87;91,3;96,8;85,3;96,6;87,2;0,91;95,6;98,7;92,5;98;93,3;0,96;93,9;97,5;90,7;96,7;91;0,94;260,81;246,99;5,13;263,59;247,51;5,19;262,47;252,66;5,25;265,01;254,91;5,33;261,52;253,83;5,26;265,34;259,71;5,42;269,71;265,94;5,59;271,91;266,82;5,65;267,51;267,29;5,58;259,04;260,35;5,32;3,8;4;4,4;4,4;4,4;4,5;4,9;5,1;5,3;5;3,9;4;4,3;4,7;5,1;5,3;5,6;5,8
Distrito Federal;Pública (4);77,3;76,1;77,1;78,1;78,2;0,77;79,7;79,4;79,6;80;79,6;0,8;80,3;79,9;79,5;81,1;80,9;0,8;78,9;75,4;79,4;82,7;79,2;0,79;79,5;75,7;79,9;82,3;81,1;0,8;78,4;74,4;77,6;82,2;80,7;0,79;83;81,4;81,2;86,5;83,5;0,83;89,2;96,2;81,6;96,2;84,1;0,89;94,5;98,5;90,5;97,7;91,6;0,94;92,5;97,1;88;96,1;88,9;0,92;228;225,21;4,22;237,78;225,86;4,39;249,36;242,87;4,87;251,71;243,17;4,91;248,05;242,9;4,85;255,01;251,16;5,1;255,61;254,64;5,17;258,05;254,85;5,22;255,36;256,99;5,21;247,08;250,89;4,97;3,3;3,5;3,9;3,9;3,9;4;4,3;4,6;4,9;4,6;3,3;3,4;3,7;4,1;4,5;4,8;5;5,3
Distrito Federal;Privada;95,1;95,8;95,3;95,1;94;0,95;94,9;96,4;95,1;93,8;94,3;0,95;93,9;95,2;93,5;93,4;93,5;0,94;94,6;95,4;94,6;94,1;94,1;0,95;95,2;96,2;94,8;95;94,8;0,95;96,5;97,2;96,1;96,7;95,7;0,96;97,2;98;97,2;97;96,5;0,97;97,7;98,4;97,5;97,6;97,1;0,98;98,9;99,3;98,8;98,7;98,8;0,99;98,2;98,7;98,3;98,3;97,6;0,98;298,85;279,98;6,31;297,81;276,09;6,23;294,73;276,76;6,19;297,13;283,94;6,35;299,51;284,67;6,4;293,1;282,69;6,26;306,78;295,65;6,71;312,92;302,24;6,92;303,48;297,79;6,69;295,52;289,2;6,41;6;5,9;5,8;6;6,1;6;6,5;6,8;6,6;6,3;6;6,1;6,4;6,7;6,9;7,1;7,3;7,4
Distrito Federal;Estadual;68,5;63,3;69,6;72,8;70,5;0,69;72,3;67,4;73,2;77;74,5;0,73;80,2;76;80,3;84,4;82,3;0,81;78,7;75,3;79,2;82,5;79;0,79;79,4;75,6;79,8;82,2;80,9;0,8;78,3;74,3;77,5;82;80,5;0,78;83;81,4;81,2;86,4;83,4;0,83;89,1;96,2;81,5;96,2;84;0,89;94,5;98,5;90,5;97,7;91,5;0,94;92,4;97,1;87,9;96,1;88,8;0,92;248,43;236,25;4,74;250,7;236,87;4,79;249,36;242,87;4,87;251,71;243,17;4,91;247,3;242,44;4,83;254,04;250,44;5,07;255,04;254,19;5,15;257,14;254,27;5,19;254,36;256,26;5,18;245,87;250,11;4,93;3,3;3,5;3,9;3,9;3,8;4;4,3;4,6;4,9;4,6;3,3;3,4;3,7;4,1;4,5;4,8;5;5,3
;;;;;;;;;;;;;;;;;;;;;;;;;;;;;;;;;;;;;;;;;;;;;;;;;;;;;;;;;;;;;;;;;;;;;;;;;;;;;;;;;;;;;;;;;;;;;;;;;;;;;;;;;;;;;
Fonte: MEC/Inep.;;;;;;;;;;;;;;;;;;;;;;;;;;;;;;;;;;;;;;;;;;;;;;;;;;;;;;;;;;;;;;;;;;;;;;;;;;;;;;;;;;;;;;;;;;;;;;;;;;;;;;;;;;;;;
"Notas: (2) Médias do SAEB 2009 e Ideb 2009 não calculados devido à perda amostral;";;;;;;;;;;;;;;;;;;;;;;;;;;;;;;;;;;;;;;;;;;;;;;;;;;;;;;;;;;;;;;;;;;;;;;;;;;;;;;;;;;;;;;;;;;;;;;;;;;;;;;;;;;;;;
"(3) Médias do SAEB 2009 e Ideb 2009 calculados sem as escolas privadas;";;;;;;;;;;;;;;;;;;;;;;;;;;;;;;;;;;;;;;;;;;;;;;;;;;;;;;;;;;;;;;;;;;;;;;;;;;;;;;;;;;;;;;;;;;;;;;;;;;;;;;;;;;;;;
"(4) Médias do SAEB 2011 e Ideb 2011 calculados sem as escolas federais;";;;;;;;;;;;;;;;;;;;;;;;;;;;;;;;;;;;;;;;;;;;;;;;;;;;;;;;;;;;;;;;;;;;;;;;;;;;;;;;;;;;;;;;;;;;;;;;;;;;;;;;;;;;;;
(5) Ver Nota informativa do Ideb de 2021 (https://download.inep.gov.br/educacao_basica/portal_ideb/planilhas_para_download/2021/nota_informativa_ideb_2021.pdf) e ;;;;;;;;;;;;;;;;;;;;;;;;;;;;;;;;;;;;;;;;;;;;;;;;;;;;;;;;;;;;;;;;;;;;;;;;;;;;;;;;;;;;;;;;;;;;;;;;;;;;;;;;;;;;;
Relatório de Resultados do Saeb de 2021 (https://download.inep.gov.br/educacao_basica/saeb/2021/resultados/relatorio_de_resultados_do_saeb_2021_volume_1.pdf);;;;;;;;;;;;;;;;;;;;;;;;;;;;;;;;;;;;;;;;;;;;;;;;;;;;;;;;;;;;;;;;;;;;;;;;;;;;;;;;;;;;;;;;;;;;;;;;;;;;;;;;;;;;;
"para maiores informações sobre o impacto da pandemia no Ideb;";;;;;;;;;;;;;;;;;;;;;;;;;;;;;;;;;;;;;;;;;;;;;;;;;;;;;;;;;;;;;;;;;;;;;;;;;;;;;;;;;;;;;;;;;;;;;;;;;;;;;;;;;;;;;
(6) O primeiro ciclo do Ideb considera as metas pactuadas no Compromisso Todos pela Educação (https://www.planalto.gov.br/ccivil_03/_ato2007-2010/2007/decreto/d6094.htm);;;;;;;;;;;;;;;;;;;;;;;;;;;;;;;;;;;;;;;;;;;;;;;;;;;;;;;;;;;;;;;;;;;;;;;;;;;;;;;;;;;;;;;;;;;;;;;;;;;;;;;;;;;;;
que foram definidas (https://download.inep.gov.br/educacao_basica/portal_ideb/o_que_sao_as_metas/Nota_Tecnica_n2_metas_intermediarias_IDEB.pdf) para cada ente;;;;;;;;;;;;;;;;;;;;;;;;;;;;;;;;;;;;;;;;;;;;;;;;;;;;;;;;;;;;;;;;;;;;;;;;;;;;;;;;;;;;;;;;;;;;;;;;;;;;;;;;;;;;;
"federado de 2007 até 2021;";;;;;;;;;;;;;;;;;;;;;;;;;;;;;;;;;;;;;;;;;;;;;;;;;;;;;;;;;;;;;;;;;;;;;;;;;;;;;;;;;;;;;;;;;;;;;;;;;;;;;;;;;;;;;
(7) Com o fim do primeiro ciclo do Ideb, o Inep criou um Grupo Técnico para elaborar estudo e subsidiar a atualização do Ideb e a avaliação de novas metas - para maiores;;;;;;;;;;;;;;;;;;;;;;;;;;;;;;;;;;;;;;;;;;;;;;;;;;;;;;;;;;;;;;;;;;;;;;;;;;;;;;;;;;;;;;;;;;;;;;;;;;;;;;;;;;;;;
informações ver Portaria nº 26 de 29/01/2024 (https://www.in.gov.br/web/dou/-/portaria-n-26-de-29-de-janeiro-de-2024-540345023) que institui o Grupo Técnico e;;;;;;;;;;;;;;;;;;;;;;;;;;;;;;;;;;;;;;;;;;;;;;;;;;;;;;;;;;;;;;;;;;;;;;;;;;;;;;;;;;;;;;;;;;;;;;;;;;;;;;;;;;;;;
Portaria nº 231 de 17/06/2024 (https://www.in.gov.br/web/dou/-/portaria-n-231-de-17-de-junho-de-2024-566241404) que prorroga o prazo para conclusão das atividades.;;;;;;;;;;;;;;;;;;;;;;;;;;;;;;;;;;;;;;;;;;;;;;;;;;;;;;;;;;;;;;;;;;;;;;;;;;;;;;;;;;;;;;;;;;;;;;;;;;;;;;;;;;;;;